time,magnetics
2016-02-10 00:01:00.026,25262.557
2016-02-10 00:02:00.027,25261.795
2016-02-10 00:03:00.029,25259.094
2016-02-10 00:04:00.030,25256.955
2016-02-10 00:05:00.032,25253.913
2016-02-10 00:06:00.033,25249.388
2016-02-10 00:07:00.034,25245.715
2016-02-10 00:08:00.035,25242.138
2016-02-10 00:09:00.037,25239.131
2016-02-10 00:10:00.038,25234.755
2016-02-10 00:11:00.040,25234.258
2016-02-10 00:12:00.041,25231.001
2016-02-10 00:13:00.027,25231.172
2016-02-10 00:14:00.027,25230.271
2016-02-10 00:15:00.029,25228.45
2016-02-10 00:16:00.030,25228.211
2016-02-10 00:17:00.032,25228.252
2016-02-10 00:18:00.033,25228.188
2016-02-10 00:19:00.034,25230.704
2016-02-10 00:20:00.035,25229.746
2016-02-10 00:21:00.037,25231.874
2016-02-10 00:22:00.038,25233.197
2016-02-10 00:23:00.039,25233.209
2016-02-10 00:24:00.040,25234.858
2016-02-10 00:25:00.025,25235.77
2016-02-10 00:26:00.027,25235.782
2016-02-10 00:27:00.028,25237.066
2016-02-10 00:28:00.030,25239.542
2016-02-10 00:29:00.031,25240.489
2016-02-10 00:30:00.032,25240.905
2016-02-10 00:31:00.033,25242.012
2016-02-10 00:32:00.035,25244.471
2016-02-10 00:33:00.036,25242.971
2016-02-10 00:34:00.037,25244.642
2016-02-10 00:35:00.038,25244.106
2016-02-10 00:36:00.040,25247.01
2016-02-10 00:37:00.025,25246.998
2016-02-10 00:38:00.027,25247.717
2016-02-10 00:39:00.027,25247.973
2016-02-10 00:40:00.029,25248.676
2016-02-10 00:41:00.030,25249.658
2016-02-10 00:42:00.031,25248.601
2016-02-10 00:43:00.032,25248.151
2016-02-10 00:44:00.034,25250.153
2016-02-10 00:45:00.035,25249.674
2016-02-10 00:46:00.036,25234.721
2016-02-10 00:47:00.037,25248.692
2016-02-10 00:48:00.039,25249.213
2016-02-10 00:49:00.040,25249.32
2016-02-10 00:50:00.026,25246.975
2016-02-10 00:51:00.027,25245.327
2016-02-10 00:52:00.028,25245.373
2016-02-10 00:53:00.029,25244.642
2016-02-10 00:54:00.030,25243.101
2016-02-10 00:55:00.032,25242.274
2016-02-10 00:56:00.032,25239.787
2016-02-10 00:57:00.034,25240.163
2016-02-10 00:58:00.035,25238.754
2016-02-10 00:59:00.037,25236.581
2016-02-10 01:00:00.037,25234.635
2016-02-10 01:01:00.039,25233.386
2016-02-10 01:02:00.024,25231.423
2016-02-10 01:03:00.026,25228.359
2016-02-10 01:04:00.027,25227.424
2016-02-10 01:05:00.028,25222.935
2016-02-10 01:06:00.029,25222.729
2016-02-10 01:07:00.031,25218.02
2016-02-10 01:08:00.031,25213.497
2016-02-10 01:09:00.033,25212.277
2016-02-10 01:10:00.034,25208.656
2016-02-10 01:11:00.035,25205.287
2016-02-10 01:12:00.036,25201.336
2016-02-10 01:13:00.038,25199.217
2016-02-10 01:14:00.038,25193.284
2016-02-10 01:15:00.040,25189.195
2016-02-10 01:16:00.025,25185.38
2016-02-10 01:17:00.027,25180.871
2016-02-10 01:18:00.028,25177.431
2016-02-10 01:19:00.029,25172.877
2016-02-10 01:20:00.030,25169.29
2016-02-10 01:21:00.032,25162.968
2016-02-10 01:22:00.033,25158.961
2016-02-10 01:23:00.033,25153.597
2016-02-10 01:24:00.035,25149.851
2016-02-10 01:25:00.036,25145.374
2016-02-10 01:26:00.038,25139.169
2016-02-10 01:28:00.024,25130.037
2016-02-10 01:29:00.025,25126.531
2016-02-10 01:30:00.027,25122.371
2016-02-10 01:31:00.028,25116.222
2016-02-10 01:32:00.030,25111.278
2016-02-10 01:33:00.031,25109.087
2016-02-10 01:34:00.032,25103.563
2016-02-10 01:35:00.033,25100.411
2016-02-10 01:36:00.035,25097.586
2016-02-10 01:37:00.036,25093.265
2016-02-10 01:38:00.038,25089.839
2016-02-10 01:39:00.039,25085.257
2016-02-10 01:40:00.025,25081.299
2016-02-10 01:41:00.025,25079.053
2016-02-10 01:42:00.027,25078.021
2016-02-10 01:43:00.028,25074.324
2016-02-10 01:44:00.030,25072.338
2016-02-10 01:45:00.031,25070.035
2016-02-10 01:46:00.032,25067.891
2016-02-10 01:47:00.033,25063.9
2016-02-10 01:48:00.035,25064.194
2016-02-10 01:49:00.035,25062.004
2016-02-10 01:50:00.037,25061.982
2016-02-10 01:51:00.038,25059.637
2016-02-10 01:52:00.040,25059.939
2016-02-10 01:53:00.025,25059.376
2016-02-10 01:54:00.025,25058.059
2016-02-10 01:55:00.027,25055.869
2016-02-10 01:56:00.028,25055.234
2016-02-10 01:57:00.030,25056.359
2016-02-10 01:58:00.031,25054.441
2016-02-10 01:59:00.033,25052.44
2016-02-10 02:00:00.033,25055.778
2016-02-10 02:01:00.035,25055.291
2016-02-10 02:02:00.036,25055.336
2016-02-10 02:03:00.038,25055.585
2016-02-10 02:04:00.039,25058.398
2016-02-10 02:05:00.024,25058.512
2016-02-10 02:06:00.025,25060.871
2016-02-10 02:07:00.027,25060.336
2016-02-10 02:08:00.028,25063.568
2016-02-10 02:09:00.029,25065.871
2016-02-10 02:10:00.030,25067.653
2016-02-10 02:11:00.032,25070.523
2016-02-10 02:12:00.033,25074.573
2016-02-10 02:13:00.034,25075.875
2016-02-10 02:14:00.035,25078.61
2016-02-10 02:15:00.037,25082.138
2016-02-10 02:16:00.038,25084.508
2016-02-10 02:17:00.024,25088.161
2016-02-10 02:18:00.024,25092.38
2016-02-10 02:19:00.026,25094.285
2016-02-10 02:20:00.027,25096.339
2016-02-10 02:21:00.029,25100.909
2016-02-10 02:22:00.030,25103.1
2016-02-10 02:23:00.031,25106.365
2016-02-10 02:24:00.032,25109.078
2016-02-10 02:25:00.033,25113.636
2016-02-10 02:26:00.035,25114.496
2016-02-10 02:27:00.035,25118.581
2016-02-10 02:28:00.037,25120.284
2016-02-10 02:29:00.038,25122.764
2016-02-10 02:30:00.024,25124.968
2016-02-10 02:31:00.024,25128.087
2016-02-10 02:32:00.026,25129.821
2016-02-10 02:33:00.027,25132.707
2016-02-10 02:34:00.029,25133.747
2016-02-10 02:35:00.029,25137.1
2016-02-10 02:36:00.031,25137.612
2016-02-10 02:37:00.032,25138.009
2016-02-10 02:38:00.034,25140.498
2016-02-10 02:39:00.035,25142.175
2016-02-10 02:40:00.036,25141.72
2016-02-10 02:41:00.037,25142.43
2016-02-10 02:42:00.023,25144.021
2016-02-10 02:43:00.024,25144.089
2016-02-10 02:44:00.026,25143.135
2016-02-10 02:45:00.027,25145.572
2016-02-10 02:46:00.028,25144.556
2016-02-10 02:47:00.029,25144.942
2016-02-10 02:48:00.031,25144.692
2016-02-10 02:49:00.032,25144.317
2016-02-10 02:50:00.034,25143.226
2016-02-10 02:51:00.035,25143.294
2016-02-10 02:52:00.036,25139.066
2016-02-10 02:53:00.037,25139.669
2016-02-10 02:54:00.038,25138.271
2016-02-10 02:55:00.023,25137.708
2016-02-10 02:56:00.025,25136.822
2016-02-10 02:57:00.026,25137.538
2016-02-10 02:58:00.027,25133.804
2016-02-10 02:59:00.028,25133.6
2016-02-10 03:00:00.030,25133.776
2016-02-10 03:01:00.031,25133.52
2016-02-10 03:02:00.031,25130.968
2016-02-10 03:03:00.033,25130.071
2016-02-10 03:04:00.034,25128.417
2016-02-10 03:05:00.036,25127.701
2016-02-10 03:06:00.036,25125.679
2016-02-10 03:07:00.022,25122.166
2016-02-10 03:08:00.023,25122.719
2016-02-10 03:09:00.024,25121.155
2016-02-10 03:10:00.025,25118.706
2016-02-10 03:11:00.027,25118.672
2016-02-10 03:12:00.027,25115.817
2016-02-10 03:13:00.029,25115.655
2016-02-10 03:14:00.030,25114.428
2016-02-10 03:15:00.032,25106.978
2016-02-10 03:16:00.032,25112.126
2016-02-10 03:17:00.034,25108.453
2016-02-10 03:18:00.035,25107.193
2016-02-10 03:19:00.037,25108.748
2016-02-10 03:20:00.022,25106.344
2016-02-10 03:21:00.024,25104.165
2016-02-10 03:22:00.024,25091.472
2016-02-10 03:23:00.026,25095.159
2016-02-10 03:24:00.027,25099.197
2016-02-10 03:25:00.028,25089.034
2016-02-10 03:26:00.029,25097.54
2016-02-10 03:27:00.031,25097.359
2016-02-10 03:28:00.032,25093.106
2016-02-10 03:29:00.034,25093.424
2016-02-10 03:30:00.034,25091.223
2016-02-10 03:31:00.036,25090.441
2016-02-10 03:32:00.021,25088.081
2016-02-10 03:33:00.023,25085.892
2016-02-10 03:34:00.024,25084.554
2016-02-10 03:35:00.026,25081.208
2016-02-10 03:36:00.026,25070.092
2016-02-10 03:37:00.028,25076.105
2016-02-10 03:38:00.029,25070.954
2016-02-10 03:39:00.029,25073.551
2016-02-10 03:40:00.031,25070.67
2016-02-10 03:41:00.032,25069.049
2016-02-10 03:42:00.034,25067.438
2016-02-10 03:43:00.035,25063.866
2016-02-10 03:44:00.036,25060.837
2016-02-10 03:45:00.021,25058.319
2016-02-10 03:46:00.024,25056.968
2016-02-10 03:47:00.025,25052.58
2016-02-10 03:48:00.026,25052.338
2016-02-10 03:49:00.027,25049.824
2016-02-10 03:50:00.029,25047.418
2016-02-10 03:51:00.029,25045.674
2016-02-10 03:52:00.031,25043.026
2016-02-10 03:53:00.032,25040.723
2016-02-10 03:54:00.034,25038.538
2016-02-10 03:55:00.035,25037.021
2016-02-10 03:56:00.037,25035.951
2016-02-10 03:57:00.021,25034.514
2016-02-10 03:58:00.023,25032.034
2016-02-10 03:59:00.024,25029.974
2016-02-10 04:00:00.026,25030.614
2016-02-10 04:01:00.027,25027.105
2016-02-10 04:02:00.028,25025.977
2016-02-10 04:03:00.029,25024.699
2016-02-10 04:04:00.031,25023.816
2016-02-10 04:05:00.032,25022.847
2016-02-10 04:06:00.034,25022.504
2016-02-10 04:07:00.034,25021.15
2016-02-10 04:08:00.036,25020.913
2016-02-10 04:09:00.021,25019.955
2016-02-10 04:11:00.023,25017.56
2016-02-10 04:12:00.024,25017.568
2016-02-10 04:13:00.026,25017.413
2016-02-10 04:14:00.027,25019.375
2016-02-10 04:15:00.028,25018.304
2016-02-10 04:16:00.029,25019.095
2016-02-10 04:17:00.031,25018.903
2016-02-10 04:18:00.032,25021.037
2016-02-10 04:19:00.033,25020.487
2016-02-10 04:20:00.034,25021.999
2016-02-10 04:21:00.020,25020.125
2016-02-10 04:22:00.021,25023.194
2016-02-10 04:23:00.023,25025.4
2016-02-10 04:24:00.024,25026.686
2016-02-10 04:25:00.026,25027.444
2016-02-10 04:26:00.027,25028.594
2016-02-10 04:27:00.029,25030.574
2016-02-10 04:28:00.029,25031.626
2016-02-10 04:29:00.031,25033.738
2016-02-10 04:30:00.032,25034.378
2016-02-10 04:31:00.034,25035.94
2016-02-10 04:32:00.035,25038.832
2016-02-10 04:33:00.020,25039.987
2016-02-10 04:34:00.021,25042.907
2016-02-10 04:35:00.023,25045.036
2016-02-10 04:36:00.023,25049.699
2016-02-10 04:37:00.025,25052.478
2016-02-10 04:38:00.026,25053.875
2016-02-10 04:39:00.028,25055.302
2016-02-10 04:40:00.029,25057.401
2016-02-10 04:41:00.031,25059.863
2016-02-10 04:42:00.032,25060.517
2016-02-10 04:43:00.033,25062.676
2016-02-10 04:44:00.035,25063.41
2016-02-10 04:45:00.021,25063.662
2016-02-10 04:46:00.021,25064.716
2016-02-10 04:47:00.022,25064.455
2016-02-10 04:48:00.024,25063.299
2016-02-10 04:49:00.025,25063.333
2016-02-10 04:50:00.026,25060.713
2016-02-10 04:51:00.027,25060.098
2016-02-10 04:52:00.029,25057.719
2016-02-10 04:53:00.030,25055.336
2016-02-10 04:54:00.032,25052.093
2016-02-10 04:55:00.032,25048.906
2016-02-10 04:56:00.034,25045.613
2016-02-10 04:57:00.019,25042.528
2016-02-10 04:58:00.022,25038.662
2016-02-10 04:59:00.022,25034.179
2016-02-10 05:00:00.024,25029.232
2016-02-10 05:01:00.025,25024.54
2016-02-10 05:02:00.027,25019.061
2016-02-10 05:03:00.028,25012.983
2016-02-10 05:04:00.030,25006.488
2016-02-10 05:05:00.031,25001.154
2016-02-10 05:06:00.033,24994.692
2016-02-10 05:07:00.033,24987.326
2016-02-10 05:08:00.019,24981.564
2016-02-10 05:09:00.020,24974.91
2016-02-10 05:10:00.022,24967.6
2016-02-10 05:11:00.023,24960.548
2016-02-10 05:12:00.024,24954.136
2016-02-10 05:13:00.025,24947.174
2016-02-10 05:14:00.027,24941.074
2016-02-10 05:15:00.028,24935.516
2016-02-10 05:16:00.030,24928.796
2016-02-10 05:17:00.031,24922.64
2016-02-10 05:18:00.032,24920.248
2016-02-10 05:19:00.034,24915.756
2016-02-10 05:20:00.021,24913.337
2016-02-10 05:21:00.022,24909.219
2016-02-10 05:22:00.023,24905.37
2016-02-10 05:23:00.024,24903.412
2016-02-10 05:24:00.025,24902.746
2016-02-10 05:25:00.027,24901.261
2016-02-10 05:26:00.028,24901.126
2016-02-10 05:27:00.030,24899.056
2016-02-10 05:28:00.030,24899.742
2016-02-10 05:29:00.032,24899.573
2016-02-10 05:30:00.033,24899.686
2016-02-10 05:31:00.019,24900.687
2016-02-10 05:32:00.020,24900.238
2016-02-10 05:33:00.022,24901.261
2016-02-10 05:34:00.023,24902.455
2016-02-10 05:35:00.025,24903.14
2016-02-10 05:36:00.026,24906.248
2016-02-10 05:37:00.028,24907.586
2016-02-10 05:38:00.028,24908.744
2016-02-10 05:39:00.031,24909.183
2016-02-10 05:40:00.031,24911.264
2016-02-10 05:41:00.033,24906.55
2016-02-10 05:42:00.034,24907.528
2016-02-10 05:43:00.019,24914.531
2016-02-10 05:44:00.021,24916.586
2016-02-10 05:45:00.022,24916.814
2016-02-10 05:46:00.023,24916.995
2016-02-10 05:47:00.025,24918.636
2016-02-10 05:48:00.026,24916.589
2016-02-10 05:49:00.028,24917.217
2016-02-10 05:50:00.029,24918.636
2016-02-10 05:51:00.031,24913.472
2016-02-10 05:52:00.032,24918.321
2016-02-10 05:53:00.034,24916.699
2016-02-10 05:54:00.019,24916.781
2016-02-10 05:55:00.020,24916.274
2016-02-10 05:56:00.022,24908.791
2016-02-10 05:57:00.023,24914.381
2016-02-10 05:58:00.025,24914.877
2016-02-10 05:59:00.026,24914.043
2016-02-10 06:00:00.027,24911.852
2016-02-10 06:01:00.029,24911.931
2016-02-10 06:02:00.030,24911.154
2016-02-10 06:03:00.031,24908.958
2016-02-10 06:04:00.033,24908.892
2016-02-10 06:05:00.018,24908.012
2016-02-10 06:06:00.020,24906.899
2016-02-10 06:07:00.021,24906.843
2016-02-10 06:08:00.023,24906.224
2016-02-10 06:09:00.024,24907.057
2016-02-10 06:10:00.026,24905.424
2016-02-10 06:11:00.027,24905.448
2016-02-10 06:12:00.028,24900.327
2016-02-10 06:13:00.030,24901.273
2016-02-10 06:14:00.031,24906.46
2016-02-10 06:15:00.032,24904.424
2016-02-10 06:16:00.017,24905.976
2016-02-10 06:17:00.019,24906.584
2016-02-10 06:18:00.020,24907.946
2016-02-10 06:19:00.022,24909.194
2016-02-10 06:20:00.023,24910.433
2016-02-10 06:21:00.025,24913.019
2016-02-10 06:22:00.026,24912.131
2016-02-10 06:23:00.028,24916.319
2016-02-10 06:24:00.029,24915.215
2016-02-10 06:25:00.030,24917.228
2016-02-10 06:26:00.031,24918.017
2016-02-10 06:27:00.017,24920.289
2016-02-10 06:28:00.018,24924.24
2016-02-10 06:29:00.020,24924.24
2016-02-10 06:30:00.021,24926.253
2016-02-10 06:31:00.023,24928.12
2016-02-10 06:32:00.024,24931.253
2016-02-10 06:33:00.026,24934.501
2016-02-10 06:34:00.027,24934.546
2016-02-10 06:35:00.028,24938.543
2016-02-10 06:36:00.029,24939.935
2016-02-10 06:37:00.031,24942.388
2016-02-10 06:38:00.032,24946.29
2016-02-10 06:39:00.017,24949.739
2016-02-10 06:40:00.019,24953.805
2016-02-10 06:41:00.020,24956.55
2016-02-10 06:42:00.022,24962.448
2016-02-10 06:43:00.023,24966.765
2016-02-10 06:44:00.025,24972.289
2016-02-10 06:45:00.025,24978.198
2016-02-10 06:46:00.027,24983.214
2016-02-10 06:47:00.028,24989.947
2016-02-10 06:48:00.030,24996.715
2016-02-10 06:49:00.031,25002.488
2016-02-10 06:50:00.017,25012.33
2016-02-10 06:51:00.018,25016.395
2016-02-10 06:52:00.019,25027.376
2016-02-10 06:53:00.020,25033.296
2016-02-10 06:54:00.022,25042.992
2016-02-10 06:55:00.023,25049.948
2016-02-10 06:56:00.024,25056.118
2016-02-10 06:57:00.026,25064.908
2016-02-10 06:58:00.027,25072.928
2016-02-10 06:59:00.028,25080.413
2016-02-10 07:00:00.029,25087.764
2016-02-10 07:01:00.031,25095.249
2016-02-10 07:02:00.016,25100.875
2016-02-10 07:03:00.018,25109.949
2016-02-10 07:04:00.019,25113.974
2016-02-10 07:05:00.021,25120.928
2016-02-10 07:06:00.022,25127.662
2016-02-10 07:07:00.024,25133.088
2016-02-10 07:08:00.025,25138.987
2016-02-10 07:09:00.027,25143.942
2016-02-10 07:10:00.028,25149.203
2016-02-10 07:11:00.030,25153.472
2016-02-10 07:12:00.031,25157.221
2016-02-10 07:13:00.017,25160.667
2016-02-10 07:14:00.018,25163.881
2016-02-10 07:15:00.020,25166.466
2016-02-10 07:16:00.021,25168.915
2016-02-10 07:17:00.023,25169.823
2016-02-10 07:18:00.024,25173.23
2016-02-10 07:19:00.026,25173.742
2016-02-10 07:20:00.027,25175.826
2016-02-10 07:21:00.029,25175.599
2016-02-10 07:22:00.029,25177.569
2016-02-10 07:23:00.031,25178.468
2016-02-10 07:24:00.016,25177.387
2016-02-10 07:25:00.018,25177.922
2016-02-10 07:26:00.019,25179.083
2016-02-10 07:27:00.020,25179.493
2016-02-10 07:28:00.022,25179.14
2016-02-10 07:29:00.023,25178.844
2016-02-10 07:30:00.025,25177.807
2016-02-10 07:31:00.026,25178.275
2016-02-10 07:32:00.028,25178.445
2016-02-10 07:33:00.029,25177.602
2016-02-10 07:34:00.031,25177.637
2016-02-10 07:35:00.016,25177.739
2016-02-10 07:36:00.017,25178.263
2016-02-10 07:37:00.018,25179.14
2016-02-10 07:38:00.020,25178.445
2016-02-10 07:39:00.021,25178.491
2016-02-10 07:40:00.023,25177.704
2016-02-10 07:41:00.024,25178.195
2016-02-10 07:42:00.026,25176.999
2016-02-10 07:43:00.027,25177.945
2016-02-10 07:44:00.029,25178.262
2016-02-10 07:45:00.030,25176.077
2016-02-10 07:46:00.016,25176.041
2016-02-10 07:47:00.017,25174.973
2016-02-10 07:48:00.019,25174.732
2016-02-10 07:49:00.020,25172.991
2016-02-10 07:50:00.022,25172.114
2016-02-10 07:51:00.023,25170.576
2016-02-10 07:52:00.025,25169.347
2016-02-10 07:53:00.025,25168.79
2016-02-10 07:54:00.026,25167.206
2016-02-10 07:55:00.028,25165.522
2016-02-10 07:56:00.029,25162.402
2016-02-10 07:57:00.015,25159.84
2016-02-10 07:58:00.016,25157.846
2016-02-10 07:59:00.018,25155.42
2016-02-10 08:00:00.019,25151.193
2016-02-10 08:01:00.021,25149.328
2016-02-10 08:02:00.022,25146.311
2016-02-10 08:03:00.024,25143.396
2016-02-10 08:04:00.025,25138.748
2016-02-10 08:05:00.027,25135.833
2016-02-10 08:06:00.027,25132.713
2016-02-10 08:07:00.029,25128.883
2016-02-10 08:08:00.014,25124.07
2016-02-10 08:09:00.016,25119.883
2016-02-10 08:10:00.017,25117.085
2016-02-10 08:11:00.019,25113.216
2016-02-10 08:12:00.020,25108.133
2016-02-10 08:13:00.022,25105.05
2016-02-10 08:14:00.023,25097.348
2016-02-10 08:15:00.025,25087.469
2016-02-10 08:16:00.025,25080.403
2016-02-10 08:17:00.027,25075.525
2016-02-10 08:18:00.028,25073.755
2016-02-10 08:19:00.014,25069.095
2016-02-10 08:20:00.015,25061.801
2016-02-10 08:21:00.017,25053.803
2016-02-10 08:22:00.018,25039.443
2016-02-10 08:23:00.020,25037.666
2016-02-10 08:24:00.021,25026.946
2016-02-10 08:25:00.023,25019.533
2016-02-10 08:26:00.024,25012.01
2016-02-10 08:27:00.026,25001.708
2016-02-10 08:28:00.027,24985.936
2016-02-10 08:29:00.027,24974.434
2016-02-10 08:30:00.014,24965.611
2016-02-10 08:31:00.014,24953.477
2016-02-10 08:32:00.016,24948.539
2016-02-10 08:33:00.017,24931.451
2016-02-10 08:34:00.019,24920.323
2016-02-10 08:35:00.020,24906.462
2016-02-10 08:36:00.022,24896.771
2016-02-10 08:37:00.023,24884.157
2016-02-10 08:38:00.025,24876.212
2016-02-10 08:39:00.025,24868.862
2016-02-10 08:40:00.028,24857.972
2016-02-10 08:41:00.029,24847.404
2016-02-10 08:42:00.015,24836.779
2016-02-10 08:43:00.016,24827.481
2016-02-10 08:44:00.017,24817.754
2016-02-10 08:45:00.018,24809.561
2016-02-10 08:46:00.020,24800.762
2016-02-10 08:47:00.021,24793.365
2016-02-10 08:48:00.023,24785.585
2016-02-10 08:49:00.023,24778.277
2016-02-10 08:50:00.025,24771.125
2016-02-10 08:51:00.026,24765.4
2016-02-10 08:52:00.028,24761.363
2016-02-10 08:53:00.013,24756.922
2016-02-10 08:54:00.015,24750.444
2016-02-10 08:55:00.016,24749.135
2016-02-10 08:56:00.018,24745.136
2016-02-10 08:57:00.019,24744.862
2016-02-10 08:58:00.021,24743.01
2016-02-10 08:59:00.022,24741.623
2016-02-10 09:00:00.023,24741.881
2016-02-10 09:01:00.025,24741.053
2016-02-10 09:02:00.026,24742.44
2016-02-10 09:03:00.028,24736.432
2016-02-10 09:04:00.013,24747.094
2016-02-10 09:05:00.014,24749.544
2016-02-10 09:06:00.015,24753.224
2016-02-10 09:07:00.017,24757.923
2016-02-10 09:08:00.018,24764.288
2016-02-10 09:09:00.020,24768.927
2016-02-10 09:10:00.021,24776.438
2016-02-10 09:11:00.023,24782.032
2016-02-10 09:12:00.024,24790.675
2016-02-10 09:13:00.026,24799.462
2016-02-10 09:14:00.027,24807.578
2016-02-10 09:15:00.013,24817.477
2016-02-10 09:16:00.014,24827.339
2016-02-10 09:17:00.016,24838.424
2016-02-10 09:18:00.017,24851.716
2016-02-10 09:19:00.019,24863.407
2016-02-10 09:20:00.019,24875.886
2016-02-10 09:21:00.021,24889.333
2016-02-10 09:22:00.022,24902.397
2016-02-10 09:23:00.024,24917.107
2016-02-10 09:24:00.025,24931.778
2016-02-10 09:25:00.027,24947.389
2016-02-10 09:26:00.012,24963.105
2016-02-10 09:27:00.014,24979.124
2016-02-10 09:28:00.015,24994.398
2016-02-10 09:29:00.017,25010.566
2016-02-10 09:30:00.018,25026.991
2016-02-10 09:31:00.019,25043.672
2016-02-10 09:32:00.021,25057.489
2016-02-10 09:33:00.022,25073.608
2016-02-10 09:34:00.023,25084.792
2016-02-10 09:35:00.025,25100.773
2016-02-10 09:36:00.026,25112.319
2016-02-10 09:37:00.027,25130.889
2016-02-10 09:38:00.013,25144.26
2016-02-10 09:39:00.014,25156.205
2016-02-10 09:40:00.016,25165.476
2016-02-10 09:41:00.017,25176.725
2016-02-10 09:42:00.018,25186.087
2016-02-10 09:43:00.019,25194.183
2016-02-10 09:44:00.021,25203.397
2016-02-10 09:45:00.022,25206.812
2016-02-10 09:46:00.024,25215.478
2016-02-10 09:47:00.025,25221.73
2016-02-10 09:48:00.027,25222.266
2016-02-10 09:49:00.012,25227.937
2016-02-10 09:50:00.014,25231.92
2016-02-10 09:51:00.014,25234.881
2016-02-10 09:52:00.017,25234.903
2016-02-10 09:53:00.017,25236.147
2016-02-10 09:54:00.019,25236.056
2016-02-10 09:55:00.020,25236.056
2016-02-10 09:56:00.022,25236.427
2016-02-10 09:57:00.023,25233.277
2016-02-10 09:58:00.025,25231.213
2016-02-10 09:59:00.026,25231.167
2016-02-10 10:00:00.012,25227.64
2016-02-10 10:01:00.013,25223.55
2016-02-10 10:02:00.015,25221.285
2016-02-10 10:03:00.016,25218.735
2016-02-10 10:04:00.018,25213.793
2016-02-10 10:05:00.018,25209.251
2016-02-10 10:06:00.019,25205.788
2016-02-10 10:07:00.021,25200.514
2016-02-10 10:08:00.022,25196.689
2016-02-10 10:09:00.024,25190.209
2016-02-10 10:10:00.024,25185.13
2016-02-10 10:11:00.026,25180.677
2016-02-10 10:12:00.011,25174.734
2016-02-10 10:13:00.013,25167.251
2016-02-10 10:14:00.014,25160.34
2016-02-10 10:15:00.016,25157.365
2016-02-10 10:16:00.017,25146.425
2016-02-10 10:17:00.019,25140.674
2016-02-10 10:18:00.020,25132.252
2016-02-10 10:19:00.022,25123.643
2016-02-10 10:20:00.023,25114.999
2016-02-10 10:21:00.025,25108.292
2016-02-10 10:22:00.026,25091.892
2016-02-10 10:23:00.012,25090.52
2016-02-10 10:24:00.013,25080.992
2016-02-10 10:25:00.015,25073.687
2016-02-10 10:26:00.016,25065.996
2016-02-10 10:27:00.018,25056.288
2016-02-10 10:28:00.019,25048.483
2016-02-10 10:29:00.021,25042.284
2016-02-10 10:30:00.022,25034.643
2016-02-10 10:31:00.024,25028.972
2016-02-10 10:32:00.025,25021.558
2016-02-10 10:33:00.011,25015.629
2016-02-10 10:34:00.012,25011.287
2016-02-10 10:35:00.014,25006.217
2016-02-10 10:36:00.015,25002.307
2016-02-10 10:37:00.017,25000.206
2016-02-10 10:38:00.018,24996.319
2016-02-10 10:39:00.020,24994.432
2016-02-10 10:40:00.021,24993.777
2016-02-10 10:41:00.023,24993.901
2016-02-10 10:42:00.024,24992.692
2016-02-10 10:43:00.025,24992.726
2016-02-10 10:44:00.011,24995.483
2016-02-10 10:45:00.012,24997.167
2016-02-10 10:46:00.014,25001.369
2016-02-10 10:47:00.015,24995.72
2016-02-10 10:48:00.016,25007.3
2016-02-10 10:49:00.017,25009.378
2016-02-10 10:50:00.019,25012.824
2016-02-10 10:51:00.019,25018.284
2016-02-10 10:52:00.021,25022.542
2016-02-10 10:53:00.022,25025.876
2016-02-10 10:54:00.024,25030.8
2016-02-10 10:55:00.025,25036.053
2016-02-10 10:56:00.010,25042.658
2016-02-10 10:57:00.011,25049.11
2016-02-10 10:58:00.013,25051.719
2016-02-10 10:59:00.014,25055.393
2016-02-10 11:00:00.016,25061.914
2016-02-10 11:01:00.016,25067.71
2016-02-10 11:02:00.018,25070.013
2016-02-10 11:03:00.019,25075.036
2016-02-10 11:04:00.021,25079.132
2016-02-10 11:05:00.022,25082.966
2016-02-10 11:06:00.023,25088.671
2016-02-10 11:07:00.024,25090.996
2016-02-10 11:08:00.010,25095.703
2016-02-10 11:09:00.011,25097.768
2016-02-10 11:10:00.013,25100.694
2016-02-10 11:11:00.014,25103.168
2016-02-10 11:12:00.016,25096.668
2016-02-10 11:13:00.017,25098.766
2016-02-10 11:14:00.018,25103.61
2016-02-10 11:15:00.019,25102.6
2016-02-10 11:16:00.021,25105.025
2016-02-10 11:17:00.022,25102.067
2016-02-10 11:18:00.023,25108.281
2016-02-10 11:19:00.009,25107.727
2016-02-10 11:20:00.010,25106.512
2016-02-10 11:21:00.012,25104.29
2016-02-10 11:22:00.013,25104.006
2016-02-10 11:23:00.015,25099.582
2016-02-10 11:24:00.015,25097.235
2016-02-10 11:25:00.017,25093.628
2016-02-10 11:26:00.018,25090.611
2016-02-10 11:27:00.020,25085.937
2016-02-10 11:28:00.021,25082.739
2016-02-10 11:29:00.023,25080.425
2016-02-10 11:30:00.024,25076.489
2016-02-10 11:31:00.009,25070.82
2016-02-10 11:32:00.010,25067.098
2016-02-10 11:33:00.012,25065.033
2016-02-10 11:34:00.013,25065.863
2016-02-10 11:35:00.015,25060.211
2016-02-10 11:36:00.016,25058.489
2016-02-10 11:37:00.018,25056.254
2016-02-10 11:38:00.019,25054.007
2016-02-10 11:39:00.020,25054.362
2016-02-10 11:40:00.021,25053.943
2016-02-10 11:41:00.023,25053.637
2016-02-10 11:42:00.024,25054.158
2016-02-10 11:43:00.010,25054.906
2016-02-10 11:44:00.011,25055.725
2016-02-10 11:45:00.013,25056.605
2016-02-10 11:46:00.014,25057.421
2016-02-10 11:47:00.016,25059.101
2016-02-10 11:48:00.017,25059.169
2016-02-10 11:49:00.019,25060.282
2016-02-10 11:50:00.020,25061.143
2016-02-10 11:51:00.021,25061.812
2016-02-10 11:52:00.023,25061.347
2016-02-10 11:53:00.023,25061.2
2016-02-10 11:54:00.009,25061.098
2016-02-10 11:55:00.010,25062.483
2016-02-10 11:56:00.012,25059.203
2016-02-10 11:57:00.014,25058.044
2016-02-10 11:58:00.015,25054.815
2016-02-10 11:59:00.016,25053.09
2016-02-10 12:00:00.018,25049.325
2016-02-10 12:01:00.019,25046.145
2016-02-10 12:02:00.021,25041.305
2016-02-10 12:03:00.022,25037.576
2016-02-10 12:04:00.024,25032.335
2016-02-10 12:05:00.009,25028.146
2016-02-10 12:06:00.011,25020.419
2016-02-10 12:07:00.012,25015.807
2016-02-10 12:08:00.014,25009.876
2016-02-10 12:09:00.014,25004.815
2016-02-10 12:10:00.017,25001.391
2016-02-10 12:11:00.017,24993.879
2016-02-10 12:12:00.020,24988.795
2016-02-10 12:13:00.021,24983.406
2016-02-10 12:14:00.023,24977.486
2016-02-10 12:15:00.008,24972.786
2016-02-10 12:16:00.010,24969.995
2016-02-10 12:17:00.011,24966.742
2016-02-10 12:18:00.012,24963.342
2016-02-10 12:19:00.013,24959.796
2016-02-10 12:20:00.015,24958.653
2016-02-10 12:21:00.016,24955.14
2016-02-10 12:22:00.018,24954.722
2016-02-10 12:23:00.019,24950.766
2016-02-10 12:24:00.019,24953.308
2016-02-10 12:25:00.021,24952.18
2016-02-10 12:26:00.023,24954.764
2016-02-10 12:27:00.008,24954.012
2016-02-10 12:28:00.009,24955.433
2016-02-10 12:29:00.011,24956.787
2016-02-10 12:30:00.012,24959.104
2016-02-10 12:31:00.014,24961.852
2016-02-10 12:32:00.015,24961.759
2016-02-10 12:33:00.017,24965.85
2016-02-10 12:34:00.018,24967.839
2016-02-10 12:35:00.019,24970.232
2016-02-10 12:36:00.020,24973.147
2016-02-10 12:37:00.022,24976.39
2016-02-10 12:38:00.007,24977.406
2016-02-10 12:39:00.009,24979.395
2016-02-10 12:40:00.010,24983.304
2016-02-10 12:41:00.012,24986.377
2016-02-10 12:42:00.013,24986.953
2016-02-10 12:43:00.014,24989.348
2016-02-10 12:44:00.015,24992.828
2016-02-10 12:45:00.017,24996.228
2016-02-10 12:46:00.018,24996.647
2016-02-10 12:47:00.020,25001.11
2016-02-10 12:48:00.021,25002.622
2016-02-10 12:49:00.023,25005.084
2016-02-10 12:50:00.008,25007.673
2016-02-10 12:51:00.009,25009.887
2016-02-10 12:52:00.010,25012.429
2016-02-10 12:53:00.013,25012.293
2016-02-10 12:54:00.013,25014.348
2016-02-10 12:55:00.016,25017.063
2016-02-10 12:56:00.016,25017.119
2016-02-10 12:57:00.018,25019.865
2016-02-10 12:58:00.019,25021.264
2016-02-10 12:59:00.021,25022.712
2016-02-10 13:00:00.022,25025.717
2016-02-10 13:01:00.007,25025.0
2016-02-10 13:02:00.009,25027.093
2016-02-10 13:03:00.009,25028.65
2016-02-10 13:04:00.011,25029.748
2016-02-10 13:05:00.012,25032.267
2016-02-10 13:06:00.014,25033.925
2016-02-10 13:07:00.015,25033.602
2016-02-10 13:08:00.016,25035.849
2016-02-10 13:09:00.017,25032.622
2016-02-10 13:10:00.019,25032.866
2016-02-10 13:11:00.020,25035.962
2016-02-10 13:12:00.006,25044.888
2016-02-10 13:13:00.007,25050.27
2016-02-10 13:14:00.009,25053.815
2016-02-10 13:15:00.010,25049.54
2016-02-10 13:16:00.012,25060.905
2016-02-10 13:17:00.013,25060.498
2016-02-10 13:18:00.015,25065.565
2016-02-10 13:19:00.016,25071.488
2016-02-10 13:20:00.018,25080.596
2016-02-10 13:21:00.019,25083.068
2016-02-10 13:22:00.020,25098.743
2016-02-10 13:23:00.005,25098.267
2016-02-10 13:24:00.007,25107.545
2016-02-10 13:25:00.008,25120.746
2016-02-10 13:26:00.010,25127.769
2016-02-10 13:27:00.011,25136.788
2016-02-10 13:28:00.013,25145.272
2016-02-10 13:29:00.013,25154.791
2016-02-10 13:30:00.015,25162.911
2016-02-10 13:31:00.016,25173.332
2016-02-10 13:32:00.018,25178.047
2016-02-10 13:33:00.019,25186.086
2016-02-10 13:34:00.020,25194.218
2016-02-10 13:35:00.006,25202.438
2016-02-10 13:36:00.007,25209.08
2016-02-10 13:37:00.009,25216.694
2016-02-10 13:38:00.010,25223.482
2016-02-10 13:39:00.012,25230.202
2016-02-10 13:40:00.013,25234.344
2016-02-10 13:41:00.015,25238.064
2016-02-10 13:42:00.016,25242.508
2016-02-10 13:43:00.018,25247.763
2016-02-10 13:44:00.018,25251.455
2016-02-10 13:45:00.020,25255.219
2016-02-10 13:46:00.005,25258.477
2016-02-10 13:47:00.007,25261.047
2016-02-10 13:48:00.008,25263.54
2016-02-10 13:49:00.010,25265.121
2016-02-10 13:50:00.011,25265.324
2016-02-10 13:51:00.013,25259.607
2016-02-10 13:52:00.014,25266.389
2016-02-10 13:53:00.016,25265.373
2016-02-10 13:54:00.017,25257.312
2016-02-10 13:55:00.018,25255.858
2016-02-10 13:56:00.020,25254.899
2016-02-10 13:57:00.006,25258.169
2016-02-10 13:58:00.006,25251.596
2016-02-10 13:59:00.008,25251.584
2016-02-10 14:00:00.009,25247.112
2016-02-10 14:01:00.011,25243.61
2016-02-10 14:02:00.012,25238.777
2016-02-10 14:03:00.015,25233.015
2016-02-10 14:04:00.015,25227.755
2016-02-10 14:05:00.017,25220.818
2016-02-10 14:06:00.018,25213.098
2016-02-10 14:07:00.020,25206.652
2016-02-10 14:08:00.005,25199.194
2016-02-10 14:09:00.007,25191.177
2016-02-10 14:10:00.008,25184.321
2016-02-10 14:11:00.010,25179.072
2016-02-10 14:12:00.011,25164.006
2016-02-10 14:13:00.012,25163.892
2016-02-10 14:14:00.014,25158.676
2016-02-10 14:15:00.015,25154.404
2016-02-10 14:16:00.017,25148.487
2016-02-10 14:17:00.018,25143.271
2016-02-10 14:18:00.020,25134.554
2016-02-10 14:19:00.005,25138.521
2016-02-10 14:20:00.007,25135.6
2016-02-10 14:21:00.008,25133.02
2016-02-10 14:22:00.009,25132.02
2016-02-10 14:23:00.010,25133.27
2016-02-10 14:24:00.012,25133.475
2016-02-10 14:25:00.013,25134.327
2016-02-10 14:26:00.015,25133.906
2016-02-10 14:27:00.016,25134.003
2016-02-10 14:28:00.018,25134.912
2016-02-10 14:29:00.019,25136.577
2016-02-10 14:30:00.005,25137.884
2016-02-10 14:31:00.006,25139.703
2016-02-10 14:32:00.008,25138.066
2016-02-10 14:33:00.009,25141.606
2016-02-10 14:34:00.011,25141.89
2016-02-10 14:35:00.011,25144.26
2016-02-10 14:36:00.014,25144.51
2016-02-10 14:37:00.014,25145.84
2016-02-10 14:38:00.016,25148.528
2016-02-10 14:39:00.017,25148.471
2016-02-10 14:40:00.019,25148.953
2016-02-10 14:41:00.004,25152.403
2016-02-10 14:42:00.006,25152.801
2016-02-10 14:43:00.007,25157.243
2016-02-10 14:44:00.009,25159.954
2016-02-10 14:45:00.010,25162.684
2016-02-10 14:46:00.012,25165.633
2016-02-10 14:47:00.013,25172.318
2016-02-10 14:48:00.014,25177.364
2016-02-10 14:49:00.016,25185.118
2016-02-10 14:50:00.017,25191.291
2016-02-10 14:51:00.003,25196.689
2016-02-10 14:52:00.004,25203.397
2016-02-10 14:53:00.006,25214.463
2016-02-10 14:54:00.007,25223.493
2016-02-10 14:55:00.009,25232.034
2016-02-10 14:56:00.009,25243.005
2016-02-10 14:57:00.012,25253.94
2016-02-10 14:58:00.013,25264.744
2016-02-10 14:59:00.015,25275.866
2016-02-10 15:00:00.015,25284.819
2016-02-10 15:01:00.017,25298.39
2016-02-10 15:02:00.002,25300.722
2016-02-10 15:03:00.004,25319.71
2016-02-10 15:04:00.005,25332.986
2016-02-10 15:05:00.007,25342.747
2016-02-10 15:06:00.008,25354.122
2016-02-10 15:07:00.010,25361.042
2016-02-10 15:08:00.011,25370.869
2016-02-10 15:09:00.013,25380.131
2016-02-10 15:10:00.014,25388.235
2016-02-10 15:11:00.016,25395.915
2016-02-10 15:12:00.016,25403.388
2016-02-10 15:13:00.018,25408.749
2016-02-10 15:14:00.003,25415.888
2016-02-10 15:15:00.005,25420.203
2016-02-10 15:16:00.006,25428.011
2016-02-10 15:17:00.008,25429.49
2016-02-10 15:18:00.009,25435.096
2016-02-10 15:19:00.011,25436.448
2016-02-10 15:20:00.012,25441.009
2016-02-10 15:21:00.013,25441.728
2016-02-10 15:22:00.014,25445.886
2016-02-10 15:23:00.015,25445.691
2016-02-10 15:24:00.017,25447.571
2016-02-10 15:25:00.002,25448.657
2016-02-10 15:26:00.004,25448.894
2016-02-10 15:27:00.005,25451.994
2016-02-10 15:28:00.006,25451.154
2016-02-10 15:29:00.007,25450.906
2016-02-10 15:30:00.009,25451.718
2016-02-10 15:31:00.010,25453.265
2016-02-10 15:32:00.012,25449.7
2016-02-10 15:33:00.013,25449.854
2016-02-10 15:34:00.015,25447.582
2016-02-10 15:35:00.015,25443.137
2016-02-10 15:36:00.017,25440.877
2016-02-10 15:37:00.003,25439.566
2016-02-10 15:38:00.005,25434.142
2016-02-10 15:39:00.005,25426.885
2016-02-10 15:40:00.007,25420.984
2016-02-10 15:41:00.008,25415.245
2016-02-10 15:42:00.010,25405.682
2016-02-10 15:43:00.011,25397.625
2016-02-10 15:44:00.013,25387.466
2016-02-10 15:45:00.014,25379.534
2016-02-10 15:46:00.016,25368.24
2016-02-10 15:47:00.017,25358.023
2016-02-10 15:48:00.003,25345.038
2016-02-10 15:49:00.003,25335.421
2016-02-10 15:50:00.006,25320.74
2016-02-10 15:51:00.006,25309.365
2016-02-10 15:52:00.008,25295.428
2016-02-10 15:53:00.009,25283.401
2016-02-10 15:54:00.011,25267.337
2016-02-10 15:55:00.012,25252.185
2016-02-10 15:56:00.014,25239.77
2016-02-10 15:57:00.015,25225.33
2016-02-10 15:58:00.016,25213.018
2016-02-10 15:59:00.002,25198.17
2016-02-10 16:00:00.003,25185.631
2016-02-10 16:01:00.005,25171.318
2016-02-10 16:02:00.005,25161.853
2016-02-10 16:03:00.007,25150.568
2016-02-10 16:04:00.008,25139.044
2016-02-10 16:05:00.010,25127.894
2016-02-10 16:06:00.011,25118.252
2016-02-10 16:07:00.012,25107.218
2016-02-10 16:08:00.013,25100.241
2016-02-10 16:09:00.015,25088.83
2016-02-10 16:10:00.000,25079.778
2016-02-10 16:11:00.002,25070.649
2016-02-10 16:12:00.003,25062.322
2016-02-10 16:13:00.004,25052.874
2016-02-10 16:14:00.005,25045.443
2016-02-10 16:15:00.007,25038.877
2016-02-10 16:16:00.008,25031.027
2016-02-10 16:17:00.010,25020.928
2016-02-10 16:18:00.011,25015.954
2016-02-10 16:19:00.012,25006.509
2016-02-10 16:20:00.013,24999.799
2016-02-10 16:21:00.015,24993.212
2016-02-10 16:22:00.000,24984.897
2016-02-10 16:23:00.002,24978.107
2016-02-10 16:24:00.003,24972.378
2016-02-10 16:25:00.005,24965.704
2016-02-10 16:26:00.006,24960.416
2016-02-10 16:27:00.007,24954.312
2016-02-10 16:28:00.008,24947.546
2016-02-10 16:29:00.010,24941.604
2016-02-10 16:30:00.011,24936.068
2016-02-10 16:31:00.013,24931.068
2016-02-10 16:32:00.014,24926.49
2016-02-10 16:32:59.999,24920.909
2016-02-10 16:34:00.000,24916.721
2016-02-10 16:35:00.001,24912.74
2016-02-10 16:36:00.003,24910.794
2016-02-10 16:37:00.004,24905.638
2016-02-10 16:38:00.006,24900.722
2016-02-10 16:39:00.007,24897.176
2016-02-10 16:40:00.009,24894.116
2016-02-10 16:41:00.010,24892.54
2016-02-10 16:42:00.011,24888.759
2016-02-10 16:43:00.013,24887.555
2016-02-10 16:44:00.015,24884.933
2016-02-10 16:45:00.000,24882.706
2016-02-10 16:46:00.002,24880.984
2016-02-10 16:47:00.003,24878.901
2016-02-10 16:48:00.005,24878.575
2016-02-10 16:49:00.006,24877.057
2016-02-10 16:50:00.008,24875.694
2016-02-10 16:51:00.009,24874.997
2016-02-10 16:52:00.011,24874.86
2016-02-10 16:53:00.012,24872.96
2016-02-10 16:54:00.014,24869.922
2016-02-10 16:54:59.999,24871.125
2016-02-10 16:56:00.001,24869.888
2016-02-10 16:57:00.001,24869.739
2016-02-10 16:58:00.003,24869.2
2016-02-10 16:59:00.004,24868.446
2016-02-10 17:00:00.006,24869.551
2016-02-10 17:01:00.007,24870.979
2016-02-10 17:02:00.009,24869.807
2016-02-10 17:03:00.010,24872.195
2016-02-10 17:04:00.012,24870.012
2016-02-10 17:05:00.012,24872.724
2016-02-10 17:05:59.998,24875.604
2016-02-10 17:06:59.999,24877.664
2016-02-10 17:08:00.001,24883.392
2016-02-10 17:09:00.002,24887.848
2016-02-10 17:10:00.003,24892.833
2016-02-10 17:11:00.005,24901.216
2016-02-10 17:12:00.006,24909.555
2016-02-10 17:13:00.007,24920.045
2016-02-10 17:14:00.008,24931.411
2016-02-10 17:15:00.010,24942.951
2016-02-10 17:16:00.011,24957.893
2016-02-10 17:16:59.998,24976.175
2016-02-10 17:17:59.998,24991.415
2016-02-10 17:19:00.000,25012.214
2016-02-10 17:20:00.001,25034.163
2016-02-10 17:21:00.003,25054.562
2016-02-10 17:22:00.004,25078.089
2016-02-10 17:23:00.006,25099.027
2016-02-10 17:24:00.007,25126.361
2016-02-10 17:25:00.009,25151.652
2016-02-10 17:26:00.010,25177.762
2016-02-10 17:27:00.012,25203.988
2016-02-10 17:27:59.997,25229.575
2016-02-10 17:28:59.999,25254.294
2016-02-10 17:29:59.999,25277.97
2016-02-10 17:31:00.001,25301.442
2016-02-10 17:32:00.003,25321.943
2016-02-10 17:33:00.004,25342.169
2016-02-10 17:34:00.005,25357.435
2016-02-10 17:35:00.007,25372.383
2016-02-10 17:36:00.008,25385.032
2016-02-10 17:37:00.010,25393.102
2016-02-10 17:38:00.011,25399.634
2016-02-10 17:38:59.997,25401.884
2016-02-10 17:39:59.998,25400.484
2016-02-10 17:40:59.999,25397.659
2016-02-10 17:42:00.000,25389.9
2016-02-10 17:43:00.002,25375.998
2016-02-10 17:44:00.003,25361.555
2016-02-10 17:45:00.005,25345.692
2016-02-10 17:46:00.006,25324.824
2016-02-10 17:47:00.007,25303.671
2016-02-10 17:48:00.009,25279.09
2016-02-10 17:49:00.010,25253.594
2016-02-10 17:49:59.996,25228.85
2016-02-10 17:50:59.997,25198.727
2016-02-10 17:51:59.999,25173.15
2016-02-10 17:52:59.999,25147.619
2016-02-10 17:54:00.001,25121.064
2016-02-10 17:55:00.002,25097.303
2016-02-10 17:56:00.003,25075.163
2016-02-10 17:57:00.004,25053.558
2016-02-10 17:58:00.006,25034.1
2016-02-10 17:59:00.008,25016.418
2016-02-10 18:00:00.009,25000.172
2016-02-10 18:01:00.010,24984.84
2016-02-10 18:01:59.996,24972.366
2016-02-10 18:02:59.997,24962.786
2016-02-10 18:03:59.999,24954.373
2016-02-10 18:05:00.000,24944.699
2016-02-10 18:06:00.002,24940.353
2016-02-10 18:07:00.003,24935.752
2016-02-10 18:08:00.005,24935.313
2016-02-10 18:09:00.006,24936.384
2016-02-10 18:10:00.008,24936.711
2016-02-10 18:11:00.009,24938.633
2016-02-10 18:12:00.011,24939.152
2016-02-10 18:12:59.996,24945.263
2016-02-10 18:13:59.998,24946.493
2016-02-10 18:14:59.999,24951.476
2016-02-10 18:16:00.000,24953.884
2016-02-10 18:17:00.001,24962.098
2016-02-10 18:18:00.003,24963.681
2016-02-10 18:19:00.004,24967.51
2016-02-10 18:20:00.006,24971.149
2016-02-10 18:21:00.007,24975.373
2016-02-10 18:22:00.008,24980.412
2016-02-10 18:22:59.994,24982.83
2016-02-10 18:23:59.995,24982.795
2016-02-10 18:24:59.997,24983.925
2016-02-10 18:25:59.998,24986.84
2016-02-10 18:27:00.000,24985.597
2016-02-10 18:28:00.001,24985.032
2016-02-10 18:29:00.003,24982.536
2016-02-10 18:30:00.004,24981.055
2016-02-10 18:31:00.006,24976.47
2016-02-10 18:32:00.007,24975.294
2016-02-10 18:33:00.009,24972.109
2016-02-10 18:33:59.994,24961.59
2016-02-10 18:34:59.996,24963.317
2016-02-10 18:35:59.997,24959.149
2016-02-10 18:36:59.999,24953.635
2016-02-10 18:38:00.000,24951.65
2016-02-10 18:39:00.001,24946.633
2016-02-10 18:40:00.002,24943.786
2016-02-10 18:41:00.004,24941.277
2016-02-10 18:42:00.006,24936.863
2016-02-10 18:43:00.007,24937.483
2016-02-10 18:44:00.008,24933.514
2016-02-10 18:44:59.994,24933.852
2016-02-10 18:45:59.995,24923.996
2016-02-10 18:46:59.997,24927.752
2016-02-10 18:47:59.998,24935.121
2016-02-10 18:49:00.000,24937.319
2016-02-10 18:50:00.001,24938.543
2016-02-10 18:51:00.002,24941.435
2016-02-10 18:52:00.003,24944.936
2016-02-10 18:53:00.005,24948.223
2016-02-10 18:54:00.006,24954.621
2016-02-10 18:55:00.008,24958.043
2016-02-10 18:55:59.993,24960.326
2016-02-10 18:56:59.994,24965.171
2016-02-10 18:57:59.996,24970.82
2016-02-10 18:58:59.997,24975.588
2016-02-10 18:59:59.999,24977.475
2016-02-10 19:01:00.000,24984.174
2016-02-10 19:02:00.002,24985.631
2016-02-10 19:03:00.003,24987.947
2016-02-10 19:04:00.005,24990.953
2016-02-10 19:05:00.005,24993.189
2016-02-10 19:06:00.007,24996.217
2016-02-10 19:06:59.992,24995.121
2016-02-10 19:07:59.994,24996.364
2016-02-10 19:08:59.995,24995.404
2016-02-10 19:09:59.997,24999.323
2016-02-10 19:10:59.998,24997.911
2016-02-10 19:12:00.000,24997.053
2016-02-10 19:13:00.001,24997.719
2016-02-10 19:14:00.002,24994.635
2016-02-10 19:15:00.003,24993.054
2016-02-10 19:16:00.005,24990.783
2016-02-10 19:17:00.006,24989.608
2016-02-10 19:17:59.993,24988.749
2016-02-10 19:18:59.993,24981.926
2016-02-10 19:19:59.995,24978.977
2016-02-10 19:20:59.996,24974.073
2016-02-10 19:21:59.997,24969.815
2016-02-10 19:22:59.998,24967.363
2016-02-10 19:24:00.000,24960.969
2016-02-10 19:25:00.001,24956.37
2016-02-10 19:26:00.003,24954.768
2016-02-10 19:27:00.004,24947.084
2016-02-10 19:28:00.006,24943.831
2016-02-10 19:29:00.007,24939.992
2016-02-10 19:29:59.993,24937.308
2016-02-10 19:30:59.994,24935.899
2016-02-10 19:31:59.995,24935.144
2016-02-10 19:32:59.997,24936.023
2016-02-10 19:33:59.998,24939.028
2016-02-10 19:35:00.000,24942.653
2016-02-10 19:36:00.000,24948.483
2016-02-10 19:37:00.002,24957.355
2016-02-10 19:38:00.003,24967.352
2016-02-10 19:39:00.005,24981.971
2016-02-10 19:40:00.006,24996.014
2016-02-10 19:40:59.992,25013.119
2016-02-10 19:41:59.994,25033.065
2016-02-10 19:42:59.996,25055.506
2016-02-10 19:43:59.997,25080.04
2016-02-10 19:44:59.999,25106.739
2016-02-10 19:46:00.000,25133.122
2016-02-10 19:47:00.001,25161.171
2016-02-10 19:48:00.002,25191.097
2016-02-10 19:49:00.004,25222.3
2016-02-10 19:50:00.006,25250.237
2016-02-10 19:50:59.992,25281.869
2016-02-10 19:51:59.993,25311.058
2016-02-10 19:52:59.995,25337.958
2016-02-10 19:53:59.996,25368.573
2016-02-10 19:54:59.997,25393.711
2016-02-10 19:55:59.998,25417.566
2016-02-10 19:57:00.000,25443.131
2016-02-10 19:58:00.001,25464.007
2016-02-10 19:59:00.003,25483.887
2016-02-10 20:54:59.997,25494.295
2016-02-10 20:55:59.998,25487.069
2016-02-10 20:56:59.999,25482.447
2016-02-10 20:58:00.000,25475.279
2016-02-10 20:59:00.002,25468.926
2016-02-10 21:00:00.003,25463.394
2016-02-10 21:00:59.989,25454.719
2016-02-10 21:01:59.990,25450.878
2016-02-10 21:02:59.992,25445.822
2016-02-10 21:03:59.992,25437.679
2016-02-10 21:04:59.994,25434.263
2016-02-10 21:05:59.995,25426.735
2016-02-10 21:06:59.997,25420.068
2016-02-10 21:07:59.998,25414.696
2016-02-10 21:08:59.999,25409.367
2016-02-10 21:10:00.000,25402.837
2016-02-10 21:11:00.002,25397.728
2016-02-10 21:12:00.003,25392.884
2016-02-10 21:12:59.988,25387.742
2016-02-10 21:13:59.990,25383.07
2016-02-10 21:14:59.990,25379.075
2016-02-10 21:15:59.992,25375.01
2016-02-10 21:16:59.993,25370.832
2016-02-10 21:17:59.995,25366.311
2016-02-10 21:18:59.996,25364.657
2016-02-10 21:19:59.997,25359.918
2016-02-10 21:20:59.998,25357.908
2016-02-10 21:22:00.000,25356.667
2016-02-10 21:23:00.001,25354.03
2016-02-10 21:24:00.003,25351.97
2016-02-10 21:24:59.988,25349.701
2016-02-10 21:25:59.989,25347.862
2016-02-10 21:26:59.990,25347.507
2016-02-10 21:27:59.992,25345.783
2016-02-10 21:28:59.993,25344.053
2016-02-10 21:29:59.994,25342.753
2016-02-10 21:30:59.995,25342.741
2016-02-10 21:31:59.996,25342.231
2016-02-10 21:32:59.997,25342.793
2016-02-10 21:33:59.999,25342.489
2016-02-10 21:35:00.000,25342.34
2016-02-10 21:36:00.001,25340.668
2016-02-10 21:37:00.002,25340.645
2016-02-10 21:37:59.988,25340.61
2016-02-10 21:38:59.988,25339.001
2016-02-10 21:39:59.990,25339.631
2016-02-10 21:40:59.991,25339.963
2016-02-10 21:41:59.993,25340.41
2016-02-10 21:42:59.993,25338.818
2016-02-10 21:43:59.995,25338.187
2016-02-10 21:44:59.996,25338.577
2016-02-10 21:45:59.998,25339.934
2016-02-10 21:46:59.998,25340.164
2016-02-10 21:48:00.000,25341.212
2016-02-10 21:49:00.001,25340.513
2016-02-10 21:50:00.001,25342.283
2016-02-10 21:50:59.987,25342.272
2016-02-10 21:51:59.988,25344.339
2016-02-10 21:52:59.989,25345.164
2016-02-10 21:53:59.990,25346.407
2016-02-10 21:54:59.992,25347.867
2016-02-10 21:55:59.993,25349.838
2016-02-10 21:56:59.994,25353.304
2016-02-10 21:57:59.995,25354.936
2016-02-10 21:58:59.997,25357.091
2016-02-10 21:59:59.998,25359.491
2016-02-10 22:00:59.999,25362.409
2016-02-10 22:02:00.000,25363.484
2016-02-10 22:03:00.002,25365.712
2016-02-10 22:03:59.987,25369.089
2016-02-10 22:04:59.988,25371.888
2016-02-10 22:05:59.989,25373.117
2016-02-10 22:06:59.991,25375.182
2016-02-10 22:07:59.992,25377.295
2016-02-10 22:08:59.993,25377.513
2016-02-10 22:09:59.994,25380.165
2016-02-10 22:10:59.996,25380.842
2016-02-10 22:11:59.997,25385.205
2016-02-10 22:12:59.998,25385.962
2016-02-10 22:13:59.999,25389.016
2016-02-10 22:15:00.001,25391.208
2016-02-10 22:15:59.986,25392.172
2016-02-10 22:16:59.988,25395.835
2016-02-10 22:17:59.988,25396.81
2016-02-10 22:18:59.990,25398.738
2016-02-10 22:19:59.991,25400.219
2016-02-10 22:20:59.992,25402.01
2016-02-10 22:21:59.993,25403.17
2016-02-10 22:22:59.994,25404.135
2016-02-10 22:23:59.996,25406.728
2016-02-10 22:24:59.997,25406.728
2016-02-10 22:25:59.999,25407.061
2016-02-10 22:26:59.999,25407.198
2016-02-10 22:28:00.001,25407.221
2016-02-10 22:28:59.986,25404.788
2016-02-10 22:29:59.988,25403.377
2016-02-10 22:30:59.989,25400.425
2016-02-10 22:31:59.991,25398.061
2016-02-10 22:32:59.991,25395.341
2016-02-10 22:33:59.993,25391.266
2016-02-10 22:34:59.994,25386.858
2016-02-10 22:35:59.996,25382.324
2016-02-10 22:36:59.996,25375.941
2016-02-10 22:37:59.998,25373.347
2016-02-10 22:38:59.999,25367.263
2016-02-10 22:40:00.001,25362.555
2016-02-10 22:40:59.986,25357.84
2016-02-10 22:41:59.987,25352.681
2016-02-10 22:42:59.988,25349.024
2016-02-10 22:43:59.990,25345.52
2016-02-10 22:44:59.991,25338.233
2016-02-10 22:45:59.993,25333.422
2016-02-10 22:46:59.993,25328.662
2016-02-10 22:47:59.995,25322.549
2016-02-10 22:48:59.996,25318.088
2016-02-10 22:49:59.998,25310.793
2016-02-10 22:50:59.998,25303.318
2016-02-10 22:52:00.000,25296.572
2016-02-10 22:52:59.985,25289.186
2016-02-10 22:53:59.986,25280.12
2016-02-10 22:54:59.988,25271.03
2016-02-10 22:55:59.989,25260.75
2016-02-10 22:56:59.990,25249.628
2016-02-10 22:57:59.991,25236.147
2016-02-10 22:58:59.992,25223.904
2016-02-10 22:59:59.993,25210.468
2016-02-10 23:00:59.995,25193.932
2016-02-10 23:01:59.996,25178.08
2016-02-10 23:02:59.997,25162.775
2016-02-10 23:03:59.998,25145.272
2016-02-10 23:04:59.984,25127.258
2016-02-10 23:05:59.985,25110.582
2016-02-10 23:06:59.987,25092.845
2016-02-10 23:07:59.988,25076.479
2016-02-10 23:08:59.990,25060.214
2016-02-10 23:09:59.990,25044.295
2016-02-10 23:10:59.992,25033.014
2016-02-10 23:11:59.993,25019.57
2016-02-10 23:12:59.995,25009.412
2016-02-10 23:13:59.996,25000.792
2016-02-10 23:14:59.997,24992.986
2016-02-10 23:15:59.998,24988.196
2016-02-10 23:16:59.984,24985.01
2016-02-10 23:17:59.984,24983.462
2016-02-10 23:18:59.986,24983.361
2016-02-10 23:19:59.987,24984.581
2016-02-10 23:20:59.989,24986.987
2016-02-10 23:21:59.989,24991.269
2016-02-10 23:22:59.991,24998.544
2016-02-10 23:23:59.992,25003.56
2016-02-10 23:24:59.994,25012.203
2016-02-10 23:25:59.994,25017.323
2016-02-10 23:26:59.996,25024.348
2016-02-10 23:27:59.997,25034.757
2016-02-10 23:28:59.998,25042.653
2016-02-10 23:29:59.983,25052.217
2016-02-10 23:30:59.984,25062.333
2016-02-10 23:31:59.986,25073.2
2016-02-10 23:32:59.986,25083.703
2016-02-10 23:33:59.988,25088.444
2016-02-10 23:34:59.989,25102.873
2016-02-10 23:35:59.991,25114.329
2016-02-10 23:36:59.991,25125.956
2016-02-10 23:37:59.994,25137.163
2016-02-10 23:38:59.994,25148.68
2016-02-10 23:39:59.996,25159.234
2016-02-10 23:40:59.997,25168.662
2016-02-10 23:41:59.983,25179.572
2016-02-10 23:42:59.984,25186.724
2016-02-10 23:43:59.986,25195.276
2016-02-10 23:44:59.986,25199.957
2016-02-10 23:45:59.988,25206.301
2016-02-10 23:46:59.989,25211.753
2016-02-10 23:47:59.991,25212.497
2016-02-10 23:48:59.992,25213.007
2016-02-10 23:49:59.994,25214.771
2016-02-10 23:50:59.994,25211.22
2016-02-10 23:51:59.996,25208.61
2016-02-10 23:52:59.997,25204.193
2016-02-10 23:53:59.998,25198.169
2016-02-10 23:54:59.983,25188.865
2016-02-10 23:55:59.985,25181.11
2016-02-10 23:56:59.986,25169.939
2016-02-10 23:57:59.987,25159.712
2016-02-10 23:58:59.988,25146.045
2016-02-10 23:59:59.990,25133.583
2016-02-11 00:00:00.086,25133.793
2016-02-11 00:01:00.086,25120.349
2016-02-11 00:02:00.087,25105.81
2016-02-11 00:03:00.089,25091.303
2016-02-11 00:04:00.090,25076.966
2016-02-11 00:05:00.092,25063.31
2016-02-11 00:06:00.092,25049.88
2016-02-11 00:07:00.094,25038.181
2016-02-11 00:08:00.095,25026.528
2016-02-11 00:09:00.097,25015.355
2016-02-11 00:10:00.082,25007.334
2016-02-11 00:11:00.083,24996.963
2016-02-11 00:12:00.084,24989.597
2016-02-11 00:13:00.086,24982.909
2016-02-11 00:14:00.086,24978.186
2016-02-11 00:15:00.088,24974.03
2016-02-11 00:16:00.089,24970.842
2016-02-11 00:17:00.090,24969.318
2016-02-11 00:18:00.091,24967.487
2016-02-11 00:19:00.093,24966.062
2016-02-11 00:20:00.093,24966.505
2016-02-11 00:21:00.095,24967.589
2016-02-11 00:22:00.096,24967.476
2016-02-11 00:23:00.097,24968.051
2016-02-11 00:24:00.082,24971.036
2016-02-11 00:25:00.084,24972.652
2016-02-11 00:26:00.085,24974.333
2016-02-11 00:27:00.086,24977.531
2016-02-11 00:28:00.087,24981.813
2016-02-11 00:29:00.088,24986.049
2016-02-11 00:30:00.089,24988.648
2016-02-11 00:31:00.091,24994.308
2016-02-11 00:32:00.092,24998.782
2016-02-11 00:33:00.094,25003.47
2016-02-11 00:34:00.094,25009.31
2016-02-11 00:35:00.096,25014.43
2016-02-11 00:36:00.081,25019.31
2016-02-11 00:37:00.083,25022.757
2016-02-11 00:38:00.084,25027.863
2016-02-11 00:39:00.084,25033.127
2016-02-11 00:40:00.086,25036.268
2016-02-11 00:41:00.087,25041.124
2016-02-11 00:42:00.089,25045.471
2016-02-11 00:43:00.089,25048.675
2016-02-11 00:44:00.091,25051.126
2016-02-11 00:45:00.092,25055.525
2016-02-11 00:46:00.093,25057.084
2016-02-11 00:47:00.094,25060.29
2016-02-11 00:48:00.096,25066.837
2016-02-11 00:49:00.081,25068.005
2016-02-11 00:50:00.082,25069.729
2016-02-11 00:51:00.083,25073.746
2016-02-11 00:52:00.085,25078.327
2016-02-11 00:53:00.086,25083.261
2016-02-11 00:54:00.088,25091.143
2016-02-11 00:55:00.089,25096.475
2016-02-11 00:56:00.090,25105.638
2016-02-11 00:57:00.091,25113.659
2016-02-11 00:58:00.093,25126.02
2016-02-11 00:59:00.093,25137.253
2016-02-11 01:00:00.095,25147.846
2016-02-11 01:01:00.080,25158.961
2016-02-11 01:02:00.082,25172.001
2016-02-11 01:03:00.082,25187.089
2016-02-11 01:04:00.084,25200.584
2016-02-11 01:05:00.085,25214.945
2016-02-11 01:06:00.087,25229.819
2016-02-11 01:07:00.087,25244.414
2016-02-11 01:08:00.089,25258.089
2016-02-11 01:09:00.090,25272.677
2016-02-11 01:10:00.091,25284.167
2016-02-11 01:11:00.092,25293.291
2016-02-11 01:12:00.093,25303.145
2016-02-11 01:13:00.095,25311.331
2016-02-11 01:14:00.080,25314.478
2016-02-11 01:15:00.081,25318.592
2016-02-11 01:16:00.082,25319.164
2016-02-11 01:17:00.084,25317.573
2016-02-11 01:18:00.084,25313.642
2016-02-11 01:19:00.086,25307.937
2016-02-11 01:20:00.087,25301.923
2016-02-11 01:21:00.089,25292.262
2016-02-11 01:22:00.089,25282.807
2016-02-11 01:23:00.091,25269.716
2016-02-11 01:24:00.092,25258.439
2016-02-11 01:25:00.093,25247.119
2016-02-11 01:26:00.094,25235.12
2016-02-11 01:27:00.080,25223.212
2016-02-11 01:28:00.081,25212.927
2016-02-11 01:29:00.083,25202.394
2016-02-11 01:30:00.084,25195.641
2016-02-11 01:31:00.086,25186.394
2016-02-11 01:32:00.087,25177.58
2016-02-11 01:33:00.088,25171.657
2016-02-11 01:34:00.089,25165.476
2016-02-11 01:35:00.091,25160.682
2016-02-11 01:36:00.092,25154.279
2016-02-11 01:37:00.093,25151.045
2016-02-11 01:38:00.094,25150.522
2016-02-11 01:39:00.080,25142.743
2016-02-11 01:40:00.081,25139.1
2016-02-11 01:41:00.083,25136.663
2016-02-11 01:42:00.083,25132.52
2016-02-11 01:43:00.085,25128.549
2016-02-11 01:44:00.086,25125.161
2016-02-11 01:45:00.088,25119.478
2016-02-11 01:46:00.088,25114.795
2016-02-11 01:47:00.089,25110.29
2016-02-11 01:48:00.091,25104.778
2016-02-11 01:49:00.092,25098.54
2016-02-11 01:50:00.094,25095.227
2016-02-11 01:51:00.079,25089.215
2016-02-11 01:52:00.080,25086.153
2016-02-11 01:53:00.081,25079.121
2016-02-11 01:54:00.083,25076.761
2016-02-11 01:55:00.083,25071.509
2016-02-11 01:56:00.085,25068.061
2016-02-11 01:57:00.086,25067.427
2016-02-11 01:58:00.087,25062.767
2016-02-11 01:59:00.088,25060.18
2016-02-11 02:00:00.090,25057.557
2016-02-11 02:01:00.090,25056.307
2016-02-11 02:02:00.092,25056.141
2016-02-11 02:03:00.093,25054.211
2016-02-11 02:04:00.079,25052.184
2016-02-11 02:05:00.079,25057.285
2016-02-11 02:06:00.082,25054.064
2016-02-11 02:07:00.082,25053.554
2016-02-11 02:08:00.084,25054.713
2016-02-11 02:09:00.085,25053.826
2016-02-11 02:10:00.087,25054.891
2016-02-11 02:11:00.088,25055.597
2016-02-11 02:12:00.089,25059.282
2016-02-11 02:13:00.090,25060.358
2016-02-11 02:14:00.091,25060.155
2016-02-11 02:15:00.092,25061.653
2016-02-11 02:16:00.077,25063.616
2016-02-11 02:17:00.079,25065.259
2016-02-11 02:18:00.080,25067.359
2016-02-11 02:19:00.081,25070.137
2016-02-11 02:20:00.082,25073.302
2016-02-11 02:21:00.084,25076.206
2016-02-11 02:22:00.085,25083.249
2016-02-11 02:23:00.087,25085.075
2016-02-11 02:24:00.088,25091.405
2016-02-11 02:25:00.089,25096.463
2016-02-11 02:26:00.090,25102.065
2016-02-11 02:27:00.092,25110.165
2016-02-11 02:28:00.092,25116.268
2016-02-11 02:29:00.078,25124.706
2016-02-11 02:30:00.079,25132.986
2016-02-11 02:31:00.081,25144.044
2016-02-11 02:32:00.081,25154.29
2016-02-11 02:33:00.084,25167.16
2016-02-11 02:34:00.084,25177.125
2016-02-11 02:35:00.086,25190.254
2016-02-11 02:36:00.087,25205.25
2016-02-11 02:37:00.088,25214.121
2016-02-11 02:38:00.089,25225.17
2016-02-11 02:39:00.091,25236.986
2016-02-11 02:40:00.092,25249.708
2016-02-11 02:41:00.077,25260.784
2016-02-11 02:42:00.078,25270.504
2016-02-11 02:43:00.080,25281.594
2016-02-11 02:44:00.081,25290.913
2016-02-11 02:45:00.082,25301.717
2016-02-11 02:46:00.083,25310.452
2016-02-11 02:47:00.084,25319.539
2016-02-11 02:48:00.085,25325.507
2016-02-11 02:49:00.085,25333.032
2016-02-11 02:50:00.087,25339.459
2016-02-11 02:51:00.087,25345.29
2016-02-11 02:52:00.088,25350.789
2016-02-11 02:53:00.089,25354.282
2016-02-11 02:54:00.091,25361.157
2016-02-11 02:55:00.076,25361.707
2016-02-11 02:56:00.078,25364.003
2016-02-11 02:57:00.078,25365.563
2016-02-11 02:58:00.080,25365.898
2016-02-11 02:59:00.081,25366.047
2016-02-11 03:00:00.083,25364.129
2016-02-11 03:01:00.086,25361.096
2016-02-11 03:02:00.090,25358.963
2016-02-11 03:03:00.078,25357.175
2016-02-11 03:04:00.082,25352.754
2016-02-11 03:05:00.086,25349.272
2016-02-11 03:06:00.076,25342.57
2016-02-11 03:07:00.084,25338.153
2016-02-11 03:08:00.076,25332.07
2016-02-11 03:09:00.085,25327.045
2016-02-11 03:10:00.078,25320.733
2016-02-11 03:11:00.086,25313.242
2016-02-11 03:12:00.080,25308.429
2016-02-11 03:13:00.089,25301.271
2016-02-11 03:14:00.083,25298.391
2016-02-11 03:15:00.075,25291.335
2016-02-11 03:16:00.086,25286.854
2016-02-11 03:17:00.079,25283.881
2016-02-11 03:18:00.089,25278.746
2016-02-11 03:19:00.082,25275.591
2016-02-11 03:20:00.076,25271.317
2016-02-11 03:21:00.086,25270.837
2016-02-11 03:22:00.080,25268.47
2016-02-11 03:23:00.089,25266.892
2016-02-11 03:24:00.083,25265.587
2016-02-11 03:25:00.078,25266.981
2016-02-11 03:26:00.087,25265.544
2016-02-11 03:27:00.082,25267.212
2016-02-11 03:28:00.076,25269.142
2016-02-11 03:29:00.087,25267.269
2016-02-11 03:30:00.081,25269.156
2016-02-11 03:31:00.076,25271.132
2016-02-11 03:32:00.086,25275.271
2016-02-11 03:33:00.081,25276.141
2016-02-11 03:34:00.076,25277.639
2016-02-11 03:35:00.087,25282.623
2016-02-11 03:36:00.081,25284.11
2016-02-11 03:37:00.077,25287.22
2016-02-11 03:38:00.087,25291.13
2016-02-11 03:39:00.083,25293.554
2016-02-11 03:40:00.077,25298.241
2016-02-11 03:41:00.089,25299.522
2016-02-11 03:42:00.084,25303.33
2016-02-11 03:43:00.079,25307.067
2016-02-11 03:44:00.074,25308.749
2016-02-11 03:45:00.085,25311.491
2016-02-11 03:46:00.080,25313.8
2016-02-11 03:47:00.076,25316.386
2016-02-11 03:48:00.087,25316.649
2016-02-11 03:49:00.083,25316.592
2016-02-11 03:50:00.077,25317.061
2016-02-11 03:51:00.089,25316.867
2016-02-11 03:52:00.084,25314.97
2016-02-11 03:53:00.080,25314.043
2016-02-11 03:54:00.075,25310.761
2016-02-11 03:55:00.087,25307.637
2016-02-11 03:56:00.081,25305.387
2016-02-11 03:57:00.077,25300.002
2016-02-11 03:58:00.088,25295.874
2016-02-11 03:59:00.084,25288.546
2016-02-11 04:00:00.079,25282.486
2016-02-11 04:01:00.075,25276.485
2016-02-11 04:02:00.085,25268.596
2016-02-11 04:03:00.081,25260.17
2016-02-11 04:04:00.076,25254.009
2016-02-11 04:05:00.088,25246.701
2016-02-11 04:06:00.083,25238.789
2016-02-11 04:07:00.079,25230.373
2016-02-11 04:08:00.074,25222.547
2016-02-11 04:09:00.085,25214.691
2016-02-11 04:10:00.080,25206.084
2016-02-11 04:11:00.076,25198.306
2016-02-11 04:12:00.087,25190.596
2016-02-11 04:13:00.083,25185.062
2016-02-11 04:14:00.078,25178.719
2016-02-11 04:15:00.074,25173.355
2016-02-11 04:16:00.084,25166.057
2016-02-11 04:17:00.080,25160.784
2016-02-11 04:18:00.075,25154.768
2016-02-11 04:19:00.086,25151.728
2016-02-11 04:20:00.081,25146.204
2016-02-11 04:21:00.077,25141.527
2016-02-11 04:22:00.087,25136.958
2016-02-11 04:23:00.083,25135.412
2016-02-11 04:24:00.077,25132.134
2016-02-11 04:25:00.073,25129.65
2016-02-11 04:26:00.084,25125.815
2016-02-11 04:27:00.079,25123.45
2016-02-11 04:28:00.074,25124.65
2016-02-11 04:29:00.085,25121.28
2016-02-11 04:30:00.080,25118.717
2016-02-11 04:31:00.075,25116.79
2016-02-11 04:32:00.086,25115.848
2016-02-11 04:33:00.081,25114.59
2016-02-11 04:34:00.076,25113.693
2016-02-11 04:35:00.087,25114.522
2016-02-11 04:36:00.081,25115.019
2016-02-11 04:37:00.077,25113.543
2016-02-11 04:38:00.087,25115.643
2016-02-11 04:39:00.083,25115.2
2016-02-11 04:40:00.077,25113.429
2016-02-11 04:41:00.073,25118.831
2016-02-11 04:42:00.082,25119.804
2016-02-11 04:43:00.078,25122.03
2016-02-11 04:44:00.072,25123.605
2016-02-11 04:45:00.083,25126.831
2016-02-11 04:46:00.077,25130.355
2016-02-11 04:47:00.072,25132.457
2016-02-11 04:48:00.082,25136.083
2016-02-11 04:49:00.078,25141.226
2016-02-11 04:50:00.072,25144.703
2016-02-11 04:51:00.083,25149.404
2016-02-11 04:52:00.077,25153.68
2016-02-11 04:53:00.072,25158.495
2016-02-11 04:54:00.082,25162.047
2016-02-11 04:55:00.077,25168.423
2016-02-11 04:56:00.071,25174.812
2016-02-11 04:57:00.083,25181.44
2016-02-11 04:58:00.077,25185.631
2016-02-11 04:59:00.072,25192.566
2016-02-11 05:00:00.082,25200.708
2016-02-11 05:01:00.077,25207.587
2016-02-11 05:02:00.071,25213.565
2016-02-11 05:03:00.082,25220.297
2016-02-11 05:04:00.077,25227.812
2016-02-11 05:05:00.072,25235.32
2016-02-11 05:06:00.081,25243.01
2016-02-11 05:07:00.075,25251.74
2016-02-11 05:08:00.084,25258.557
2016-02-11 05:09:00.078,25269.327
2016-02-11 05:10:00.071,25281.503
2016-02-11 05:11:00.082,25287.38
2016-02-11 05:12:00.074,25295.371
2016-02-11 05:13:00.085,25302.243
2016-02-11 05:14:00.077,25311.39
2016-02-11 05:15:00.072,25318.283
2016-02-11 05:16:00.081,25326.163
2016-02-11 05:17:00.075,25331.2
2016-02-11 05:18:00.083,25337.546
2016-02-11 05:19:00.077,25340.158
2016-02-11 05:20:00.086,25341.086
2016-02-11 05:21:00.080,25346.854
2016-02-11 05:22:00.073,25349.082
2016-02-11 05:23:00.082,25350.01
2016-02-11 05:24:00.075,25348.126
2016-02-11 05:25:00.085,25345.428
2016-02-11 05:26:00.078,25343.159
2016-02-11 05:27:00.071,25338.898
2016-02-11 05:28:00.080,25328.605
2016-02-11 05:29:00.073,25323.065
2016-02-11 05:30:00.082,25314.246
2016-02-11 05:31:00.075,25311.871
2016-02-11 05:32:00.084,25305.227
2016-02-11 05:33:00.078,25299.11
2016-02-11 05:34:00.071,25290.558
2016-02-11 05:35:00.081,25282.303
2016-02-11 05:36:00.074,25273.478
2016-02-11 05:37:00.083,25265.096
2016-02-11 05:38:00.076,25257.7
2016-02-11 05:39:00.086,25251.569
2016-02-11 05:40:00.078,25244.989
2016-02-11 05:41:00.072,25239.964
2016-02-11 05:42:00.081,25236.352
2016-02-11 05:43:00.074,25233.939
2016-02-11 05:44:00.084,25233.118
2016-02-11 05:45:00.078,25230.738
2016-02-11 05:46:00.070,25231.069
2016-02-11 05:47:00.079,25230.122
2016-02-11 05:48:00.073,25238.172
2016-02-11 05:49:00.082,25242.001
2016-02-11 05:50:00.075,25248.619
2016-02-11 05:51:00.084,25246.952
2016-02-11 05:52:00.078,25256.212
2016-02-11 05:53:00.070,25263.394
2016-02-11 05:54:00.080,25269.864
2016-02-11 05:55:00.073,25275.878
2016-02-11 05:56:00.082,25282.784
2016-02-11 05:57:00.075,25286.911
2016-02-11 05:58:00.084,25294.308
2016-02-11 05:59:00.077,25296.035
2016-02-11 06:00:00.071,25302.174
2016-02-11 06:01:00.080,25305.992
2016-02-11 06:02:00.074,25309.617
2016-02-11 06:03:00.082,25309.55
2016-02-11 06:04:00.076,25314.749
2016-02-11 06:05:00.085,25310.383
2016-02-11 06:06:00.079,25315.256
2016-02-11 06:07:00.072,25316.623
2016-02-11 06:08:00.082,25317.119
2016-02-11 06:09:00.075,25316.558
2016-02-11 06:10:00.084,25317.061
2016-02-11 06:11:00.077,25313.619
2016-02-11 06:12:00.071,25312.91
2016-02-11 06:13:00.079,25309.342
2016-02-11 06:14:00.073,25308.646
2016-02-11 06:15:00.082,25303.603
2016-02-11 06:16:00.076,25301.545
2016-02-11 06:17:00.084,25298.447
2016-02-11 06:18:00.078,25293.474
2016-02-11 06:19:00.071,25289.895
2016-02-11 06:20:00.080,25286.019
2016-02-11 06:21:00.073,25283.149
2016-02-11 06:22:00.082,25278.188
2016-02-11 06:23:00.075,25276.531
2016-02-11 06:24:00.085,25270.721
2016-02-11 06:25:00.078,25269.245
2016-02-11 06:26:00.071,25265.61
2016-02-11 06:27:00.080,25264.273
2016-02-11 06:28:00.073,25261.792
2016-02-11 06:29:00.082,25260.258
2016-02-11 06:30:00.076,25258.785
2016-02-11 06:31:00.084,25259.882
2016-02-11 06:32:00.078,25259.128
2016-02-11 06:33:00.071,25263.919
2016-02-11 06:34:00.080,25262.923
2016-02-11 06:35:00.073,25266.846
2016-02-11 06:36:00.082,25270.287
2016-02-11 06:37:00.076,25274.232
2016-02-11 06:38:00.085,25281.354
2016-02-11 06:39:00.078,25282.612
2016-02-11 06:40:00.071,25294.114
2016-02-11 06:41:00.081,25304.289
2016-02-11 06:42:00.073,25311.551
2016-02-11 06:43:00.083,25319.989
2016-02-11 06:44:00.076,25332.964
2016-02-11 06:45:00.085,25340.553
2016-02-11 06:46:00.077,25351.259
2016-02-11 06:47:00.071,25360.492
2016-02-11 06:48:00.080,25370.064
2016-02-11 06:49:00.073,25378.558
2016-02-11 06:50:00.082,25388.488
2016-02-11 06:51:00.075,25394.789
2016-02-11 06:52:00.084,25403.996
2016-02-11 06:53:00.078,25404.972
2016-02-11 06:54:00.070,25416.233
2016-02-11 06:55:00.079,25422.122
2016-02-11 06:56:00.072,25428.161
2016-02-11 06:57:00.081,25429.72
2016-02-11 06:58:00.074,25432.325
2016-02-11 06:59:00.083,25433.838
2016-02-11 07:00:00.076,25434.751
2016-02-11 07:01:00.069,25435.08
2016-02-11 07:02:00.078,25431.387
2016-02-11 07:03:00.071,25427.137
2016-02-11 07:04:00.080,25420.482
2016-02-11 07:05:00.074,25417.482
2016-02-11 07:06:00.082,25413.214
2016-02-11 07:07:00.075,25397.372
2016-02-11 07:08:00.084,25396.925
2016-02-11 07:09:00.077,25386.984
2016-02-11 07:10:00.070,25374.092
2016-02-11 07:11:00.079,25359.972
2016-02-11 07:12:00.072,25353.613
2016-02-11 07:13:00.081,25343.835
2016-02-11 07:14:00.075,25324.583
2016-02-11 07:15:00.083,25316.432
2016-02-11 07:16:00.077,25301.545
2016-02-11 07:17:00.069,25290.135
2016-02-11 07:18:00.079,25277.204
2016-02-11 07:19:00.072,25263.951
2016-02-11 07:20:00.081,25260.467
2016-02-11 07:21:00.074,25245.686
2016-02-11 07:22:00.083,25235.77
2016-02-11 07:23:00.076,25224.577
2016-02-11 07:24:00.070,25213.668
2016-02-11 07:25:00.078,25204.443
2016-02-11 07:26:00.072,25195.447
2016-02-11 07:27:00.080,25189.207
2016-02-11 07:28:00.074,25180.563
2016-02-11 07:29:00.083,25174.129
2016-02-11 07:30:00.076,25170.622
2016-02-11 07:31:00.069,25164.404
2016-02-11 07:32:00.078,25160.011
2016-02-11 07:33:00.071,25158.252
2016-02-11 07:34:00.080,25156.171
2016-02-11 07:35:00.074,25155.375
2016-02-11 07:36:00.082,25152.876
2016-02-11 07:37:00.076,25151.8
2016-02-11 07:38:00.069,25149.988
2016-02-11 07:39:00.078,25149.567
2016-02-11 07:40:00.071,25150.545
2016-02-11 07:41:00.080,25148.881
2016-02-11 07:42:00.073,25150.488
2016-02-11 07:43:00.083,25145.322
2016-02-11 07:44:00.075,25145.72
2016-02-11 07:45:00.069,25145.135
2016-02-11 07:46:00.078,25143.357
2016-02-11 07:47:00.071,25141.152
2016-02-11 07:48:00.080,25138.907
2016-02-11 07:49:00.072,25138.668
2016-02-11 07:50:00.081,25136.117
2016-02-11 07:51:00.074,25131.332
2016-02-11 07:52:00.068,25129.321
2016-02-11 07:53:00.077,25123.495
2016-02-11 07:54:00.070,25122.23
2016-02-11 07:55:00.079,25118.221
2016-02-11 07:56:00.073,25115.075
2016-02-11 07:57:00.081,25111.414
2016-02-11 07:58:00.075,25108.374
2016-02-11 07:59:00.068,25104.04
2016-02-11 08:00:00.077,25101.104
2016-02-11 08:01:00.070,25097.417
2016-02-11 08:02:00.080,25094.773
2016-02-11 08:03:00.072,25091.325
2016-02-11 08:04:00.082,25091.382
2016-02-11 08:05:00.075,25087.594
2016-02-11 08:06:00.068,25079.948
2016-02-11 08:07:00.077,25080.369
2016-02-11 08:08:00.071,25078.848
2016-02-11 08:09:00.080,25080.448
2016-02-11 08:10:00.073,25077.556
2016-02-11 08:11:00.067,25075.775
2016-02-11 08:12:00.075,25071.874
2016-02-11 08:13:00.069,25069.251
2016-02-11 08:14:00.078,25068.855
2016-02-11 08:15:00.071,25072.518
2016-02-11 08:16:00.080,25072.722
2016-02-11 08:17:00.074,25066.475
2016-02-11 08:18:00.067,25072.053
2016-02-11 08:19:00.077,25073.245
2016-02-11 08:20:00.070,25072.939
2016-02-11 08:21:00.080,25075.036
2016-02-11 08:22:00.073,25076.648
2016-02-11 08:23:00.067,25079.7
2016-02-11 08:24:00.076,25077.295
2016-02-11 08:25:00.069,25081.014
2016-02-11 08:26:00.078,25086.834
2016-02-11 08:27:00.072,25089.408
2016-02-11 08:28:00.081,25098.596
2016-02-11 08:29:00.075,25101.24
2016-02-11 08:30:00.068,25106.14
2016-02-11 08:31:00.077,25114.67
2016-02-11 08:32:00.070,25121.803
2016-02-11 08:33:00.080,25130.105
2016-02-11 08:34:00.073,25137.282
2016-02-11 08:35:00.066,25140.697
2016-02-11 08:36:00.075,25153.733
2016-02-11 08:37:00.068,25161.762
2016-02-11 08:38:00.077,25174.015
2016-02-11 08:39:00.070,25181.258
2016-02-11 08:40:00.080,25184.709
2016-02-11 08:41:00.073,25201.824
2016-02-11 08:42:00.066,25204.865
2016-02-11 08:43:00.075,25216.526
2016-02-11 08:44:00.069,25227.549
2016-02-11 08:45:00.078,25236.215
2016-02-11 08:46:00.072,25244.825
2016-02-11 08:47:00.080,25255.569
2016-02-11 08:48:00.074,25260.376
2016-02-11 08:49:00.067,25268.596
2016-02-11 08:50:00.077,25276.015
2016-02-11 08:51:00.070,25285.722
2016-02-11 08:52:00.079,25287.825
2016-02-11 08:53:00.072,25292.239
2016-02-11 08:54:00.066,25293.988
2016-02-11 08:55:00.074,25303.054
2016-02-11 08:56:00.068,25303.877
2016-02-11 08:57:00.077,25312.306
2016-02-11 08:58:00.071,25311.585
2016-02-11 08:59:00.079,25316.729
2016-02-11 09:00:00.073,25320.149
2016-02-11 09:01:00.066,25322.992
2016-02-11 09:02:00.075,25323.53
2016-02-11 09:03:00.068,25326.583
2016-02-11 09:04:00.077,25325.22
2016-02-11 09:05:00.071,25325.896
2016-02-11 09:06:00.080,25326.171
2016-02-11 09:07:00.074,25324.434
2016-02-11 09:08:00.066,25326.4
2016-02-11 09:09:00.076,25323.164
2016-02-11 09:10:00.069,25320.18
2016-02-11 09:11:00.079,25319.378
2016-02-11 09:12:00.072,25315.084
2016-02-11 09:13:00.066,25315.039
2016-02-11 09:14:00.074,25311.734
2016-02-11 09:15:00.068,25308.381
2016-02-11 09:16:00.077,25303.34
2016-02-11 09:17:00.071,25300.699
2016-02-11 09:18:00.079,25297.795
2016-02-11 09:19:00.074,25289.826
2016-02-11 09:20:00.066,25293.405
2016-02-11 09:21:00.076,25285.161
2016-02-11 09:22:00.069,25280.622
2016-02-11 09:23:00.079,25277.021
2016-02-11 09:24:00.072,25271.797
2016-02-11 09:25:00.066,25268.468
2016-02-11 09:26:00.075,25264.468
2016-02-11 09:27:00.069,25260.487
2016-02-11 09:28:00.078,25258.694
2016-02-11 09:29:00.072,25253.742
2016-02-11 09:30:00.065,25247.432
2016-02-11 09:31:00.075,25245.761
2016-02-11 09:32:00.069,25241.818
2016-02-11 09:33:00.078,25238.515
2016-02-11 09:34:00.072,25235.736
2016-02-11 09:35:00.065,25230.601
2016-02-11 09:36:00.075,25230.773
2016-02-11 09:37:00.068,25230.236
2016-02-11 09:38:00.078,25228.051
2016-02-11 09:39:00.071,25224.429
2016-02-11 09:40:00.064,25222.22
2016-02-11 09:41:00.073,25221.403
2016-02-11 09:42:00.067,25222.038
2016-02-11 09:43:00.076,25219.814
2016-02-11 09:44:00.070,25220.628
2016-02-11 09:45:00.063,25218.997
2016-02-11 09:46:00.073,25218.769
2016-02-11 09:47:00.066,25219.282
2016-02-11 09:48:00.076,25219.51
2016-02-11 09:49:00.069,25219.681
2016-02-11 09:50:00.079,25220.795
2016-02-11 09:51:00.072,25221.696
2016-02-11 09:52:00.066,25223.015
2016-02-11 09:53:00.075,25222.444
2016-02-11 09:54:00.069,25223.311
2016-02-11 09:55:00.078,25224.926
2016-02-11 09:56:00.072,25225.227
2016-02-11 09:57:00.065,25225.227
2016-02-11 09:58:00.075,25227.864
2016-02-11 09:59:00.068,25228.188
2016-02-11 10:00:00.078,25228.879
2016-02-11 10:01:00.071,25230.065
2016-02-11 10:02:00.065,25228.907
2016-02-11 10:03:00.074,25229.381
2016-02-11 10:04:00.068,25228.553
2016-02-11 10:05:00.077,25225.964
2016-02-11 10:06:00.070,25224.474
2016-02-11 10:07:00.065,25224.269
2016-02-11 10:08:00.074,25222.118
2016-02-11 10:09:00.068,25220.863
2016-02-11 10:10:00.077,25218.803
2016-02-11 10:11:00.071,25218.028
2016-02-11 10:12:00.064,25216.355
2016-02-11 10:13:00.074,25213.451
2016-02-11 10:14:00.067,25210.841
2016-02-11 10:15:00.077,25208.567
2016-02-11 10:16:00.070,25205.695
2016-02-11 10:17:00.064,25204.329
2016-02-11 10:18:00.073,25204.136
2016-02-11 10:19:00.067,25199.672
2016-02-11 10:20:00.076,25199.274
2016-02-11 10:21:00.070,25191.894
2016-02-11 10:22:00.063,25198.248
2016-02-11 10:23:00.073,25196.392
2016-02-11 10:24:00.066,25195.857
2016-02-11 10:25:00.076,25196.153
2016-02-11 10:26:00.069,25195.755
2016-02-11 10:27:00.063,25195.8
2016-02-11 10:28:00.072,25192.281
2016-02-11 10:29:00.066,25199.774
2016-02-11 10:30:00.075,25202.28
2016-02-11 10:31:00.069,25203.839
2016-02-11 10:32:00.078,25207.587
2016-02-11 10:33:00.072,25211.938
2016-02-11 10:34:00.065,25213.622
2016-02-11 10:35:00.074,25217.45
2016-02-11 10:36:00.068,25219.67
2016-02-11 10:37:00.077,25225.337
2016-02-11 10:38:00.071,25227.898
2016-02-11 10:39:00.064,25233.061
2016-02-11 10:40:00.074,25237.248
2016-02-11 10:41:00.068,25241.944
2016-02-11 10:42:00.077,25247.66
2016-02-11 10:43:00.070,25251.847
2016-02-11 10:44:00.065,25255.055
2016-02-11 10:45:00.074,25261.632
2016-02-11 10:46:00.068,25264.536
2016-02-11 10:47:00.077,25268.194
2016-02-11 10:48:00.070,25271.121
2016-02-11 10:49:00.063,25276.633
2016-02-11 10:50:00.073,25280.371
2016-02-11 10:51:00.066,25283.435
2016-02-11 10:52:00.076,25288.283
2016-02-11 10:53:00.068,25290.375
2016-02-11 10:54:00.078,25292.056
2016-02-11 10:55:00.071,25295.36
2016-02-11 10:56:00.065,25296.903
2016-02-11 10:57:00.073,25300.047
2016-02-11 10:58:00.067,25302.152
2016-02-11 10:59:00.076,25302.426
2016-02-11 11:00:00.069,25300.574
2016-02-11 11:01:00.062,25302.518
2016-02-11 11:02:00.072,25305.056
2016-02-11 11:03:00.065,25302.929
2016-02-11 11:04:00.074,25302.38
2016-02-11 11:05:00.067,25300.963
2016-02-11 11:06:00.076,25294.09
2016-02-11 11:07:00.069,25297.464
2016-02-11 11:08:00.062,25297.029
2016-02-11 11:09:00.072,25288.683
2016-02-11 11:10:00.064,25287.871
2016-02-11 11:11:00.074,25285.104
2016-02-11 11:12:00.067,25281.332
2016-02-11 11:13:00.077,25277.615
2016-02-11 11:14:00.070,25274.484
2016-02-11 11:15:00.063,25269.613
2016-02-11 11:16:00.072,25264.445
2016-02-11 11:17:00.066,25258.374
2016-02-11 11:18:00.074,25254.507
2016-02-11 11:19:00.068,25246.667
2016-02-11 11:20:00.077,25240.985
2016-02-11 11:21:00.070,25234.589
2016-02-11 11:22:00.063,25228.04
2016-02-11 11:23:00.072,25222.026
2016-02-11 11:24:00.065,25213.702
2016-02-11 11:25:00.074,25210.103
2016-02-11 11:26:00.067,25201.779
2016-02-11 11:27:00.077,25195.424
2016-02-11 11:28:00.069,25193.056
2016-02-11 11:29:00.063,25187.897
2016-02-11 11:30:00.072,25182.409
2016-02-11 11:31:00.065,25178.171
2016-02-11 11:32:00.073,25176.862
2016-02-11 11:33:00.067,25172.251
2016-02-11 11:34:00.076,25169.541
2016-02-11 11:35:00.069,25167.274
2016-02-11 11:36:00.062,25165.417
2016-02-11 11:37:00.071,25163.563
2016-02-11 11:38:00.064,25161.765
2016-02-11 11:39:00.073,25161.614
2016-02-11 11:40:00.066,25160.773
2016-02-11 11:41:00.075,25161.489
2016-02-11 11:42:00.069,25161.478
2016-02-11 11:43:00.061,25161.114
2016-02-11 11:44:00.071,25161.626
2016-02-11 11:45:00.063,25162.945
2016-02-11 11:46:00.073,25162.217
2016-02-11 11:47:00.066,25164.598
2016-02-11 11:48:00.075,25166.532
2016-02-11 11:49:00.068,25167.049
2016-02-11 11:50:00.062,25168.617
2016-02-11 11:51:00.070,25171.648
2016-02-11 11:52:00.063,25175.758
2016-02-11 11:53:00.072,25175.906
2016-02-11 11:54:00.065,25179.368
2016-02-11 11:55:00.074,25181.588
2016-02-11 11:56:00.067,25184.492
2016-02-11 11:57:00.076,25187.009
2016-02-11 11:58:00.070,25191.781
2016-02-11 11:59:00.062,25193.978
2016-02-11 12:00:00.072,25201.733
2016-02-11 12:01:00.065,25202.78
2016-02-11 12:02:00.074,25205.674
2016-02-11 12:03:00.067,25211.277
2016-02-11 12:04:00.076,25215.899
2016-02-11 12:05:00.069,25220.658
2016-02-11 12:06:00.063,25225.535
2016-02-11 12:07:00.071,25230.442
2016-02-11 12:08:00.065,25236.204
2016-02-11 12:09:00.073,25242.633
2016-02-11 12:10:00.067,25245.236
2016-02-11 12:11:00.076,25250.256
2016-02-11 12:12:00.069,25254.454
2016-02-11 12:13:00.062,25260.65
2016-02-11 12:14:00.071,25263.759
2016-02-11 12:15:00.064,25267.143
2016-02-11 12:16:00.073,25273.408
2016-02-11 12:17:00.066,25274.379
2016-02-11 12:18:00.075,25280.702
2016-02-11 12:19:00.069,25279.262
2016-02-11 12:20:00.061,25280.657
2016-02-11 12:21:00.071,25285.184
2016-02-11 12:22:00.064,25284.132
2016-02-11 12:23:00.073,25286.191
2016-02-11 12:24:00.066,25285.836
2016-02-11 12:25:00.076,25285.322
2016-02-11 12:26:00.069,25284.67
2016-02-11 12:27:00.062,25283.813
2016-02-11 12:28:00.071,25285.516
2016-02-11 12:29:00.064,25284.201
2016-02-11 12:30:00.073,25284.11
2016-02-11 12:31:00.067,25279.49
2016-02-11 12:32:00.060,25282.029
2016-02-11 12:33:00.069,25277.856
2016-02-11 12:34:00.062,25279.593
2016-02-11 12:35:00.071,25274.928
2016-02-11 12:36:00.065,25272.549
2016-02-11 12:37:00.074,25269.074
2016-02-11 12:38:00.067,25268.24
2016-02-11 12:39:00.060,25265.304
2016-02-11 12:40:00.069,25264.042
2016-02-11 12:41:00.063,25260.901
2016-02-11 12:42:00.072,25259.779
2016-02-11 12:43:00.066,25256.224
2016-02-11 12:44:00.075,25254.005
2016-02-11 12:45:00.068,25252.574
2016-02-11 12:46:00.061,25251.352
2016-02-11 12:47:00.070,25251.162
2016-02-11 12:48:00.063,25250.302
2016-02-11 12:49:00.072,25248.619
2016-02-11 12:50:00.066,25250.427
2016-02-11 12:51:00.074,25248.014
2016-02-11 12:52:00.068,25247.683
2016-02-11 12:53:00.061,25248.596
2016-02-11 12:54:00.070,25248.665
2016-02-11 12:55:00.063,25250.336
2016-02-11 12:56:00.073,25251.242
2016-02-11 12:57:00.065,25251.124
2016-02-11 12:58:00.075,25253.993
2016-02-11 12:59:00.067,25251.95
2016-02-11 13:00:00.061,25252.601
2016-02-11 13:01:00.070,25256.715
2016-02-11 13:02:00.064,25259.188
2016-02-11 13:03:00.072,25259.859
2016-02-11 13:04:00.066,25262.5
2016-02-11 13:05:00.059,25264.81
2016-02-11 13:06:00.069,25266.355
2016-02-11 13:07:00.061,25268.377
2016-02-11 13:08:00.071,25271.681
2016-02-11 13:09:00.064,25272.664
2016-02-11 13:10:00.073,25275.158
2016-02-11 13:11:00.066,25278.508
2016-02-11 13:12:00.060,25279.069
2016-02-11 13:13:00.068,25281.32
2016-02-11 13:14:00.061,25284.807
2016-02-11 13:15:00.071,25288.717
2016-02-11 13:16:00.064,25290.272
2016-02-11 13:17:00.073,25294.125
2016-02-11 13:18:00.066,25297.234
2016-02-11 13:19:00.060,25296.961
2016-02-11 13:20:00.069,25298.711
2016-02-11 13:21:00.062,25300.87
2016-02-11 13:22:00.071,25299.877
2016-02-11 13:23:00.065,25304.438
2016-02-11 13:24:00.073,25304.896
2016-02-11 13:25:00.067,25303.707
2016-02-11 13:26:00.060,25304.266
2016-02-11 13:27:00.070,25305.239
2016-02-11 13:28:00.063,25308.633
2016-02-11 13:29:00.073,25310.338
2016-02-11 13:30:00.065,25309.482
2016-02-11 13:31:00.059,25310.647
2016-02-11 13:32:00.068,25314.787
2016-02-11 13:33:00.062,25312.944
2016-02-11 13:34:00.071,25316.089
2016-02-11 13:35:00.065,25316.898
2016-02-11 13:36:00.074,25320.034
2016-02-11 13:37:00.068,25318.832
2016-02-11 13:38:00.061,25320.832
2016-02-11 13:39:00.070,25325.316
2016-02-11 13:40:00.063,25324.48
2016-02-11 13:41:00.073,25329.24
2016-02-11 13:42:00.065,25329.441
2016-02-11 13:43:00.060,25332.986
2016-02-11 13:44:00.068,25335.329
2016-02-11 13:45:00.062,25339.207
2016-02-11 13:46:00.071,25340.341
2016-02-11 13:47:00.064,25343.01
2016-02-11 13:48:00.073,25344.672
2016-02-11 13:49:00.066,25347.885
2016-02-11 13:50:00.060,25352.692
2016-02-11 13:51:00.068,25354.301
2016-02-11 13:52:00.062,25357.117
2016-02-11 13:53:00.071,25358.745
2016-02-11 13:54:00.064,25360.167
2016-02-11 13:55:00.074,25361.638
2016-02-11 13:56:00.067,25365.417
2016-02-11 13:57:00.060,25364.645
2016-02-11 13:58:00.069,25364.795
2016-02-11 13:59:00.062,25364.577
2016-02-11 14:00:00.072,25363.668
2016-02-11 14:01:00.065,25366.758
2016-02-11 14:02:00.058,25366.598
2016-02-11 14:03:00.067,25365.884
2016-02-11 14:04:00.061,25364.347
2016-02-11 14:05:00.069,25360.5
2016-02-11 14:06:00.063,25360.007
2016-02-11 14:07:00.072,25360.709
2016-02-11 14:08:00.066,25356.77
2016-02-11 14:09:00.058,25354.141
2016-02-11 14:10:00.068,25353.086
2016-02-11 14:11:00.061,25352.222
2016-02-11 14:12:00.071,25349.678
2016-02-11 14:13:00.063,25344.511
2016-02-11 14:14:00.073,25341.0
2016-02-11 14:15:00.066,25338.783
2016-02-11 14:16:00.059,25336.234
2016-02-11 14:17:00.068,25331.239
2016-02-11 14:18:00.061,25330.128
2016-02-11 14:19:00.070,25326.571
2016-02-11 14:20:00.063,25322.492
2016-02-11 14:21:00.072,25318.023
2016-02-11 14:22:00.065,25314.203
2016-02-11 14:23:00.059,25313.184
2016-02-11 14:24:00.067,25308.244
2016-02-11 14:25:00.061,25304.323
2016-02-11 14:26:00.070,25300.493
2016-02-11 14:27:00.064,25295.829
2016-02-11 14:28:00.073,25291.884
2016-02-11 14:29:00.066,25288.043
2016-02-11 14:30:00.059,25285.71
2016-02-11 14:31:00.068,25282.166
2016-02-11 14:32:00.061,25283.607
2016-02-11 14:33:00.071,25277.742
2016-02-11 14:34:00.064,25273.282
2016-02-11 14:35:00.058,25269.053
2016-02-11 14:36:00.066,25266.972
2016-02-11 14:37:00.060,25264.136
2016-02-11 14:38:00.069,25261.484
2016-02-11 14:39:00.063,25258.648
2016-02-11 14:40:00.071,25257.426
2016-02-11 14:41:00.065,25255.059
2016-02-11 14:42:00.058,25251.763
2016-02-11 14:43:00.067,25254.009
2016-02-11 14:44:00.060,25246.096
2016-02-11 14:45:00.070,25242.257
2016-02-11 14:46:00.063,25238.629
2016-02-11 14:47:00.072,25240.471
2016-02-11 14:48:00.065,25237.123
2016-02-11 14:49:00.059,25236.364
2016-02-11 14:50:00.068,25231.833
2016-02-11 14:51:00.060,25229.666
2016-02-11 14:52:00.070,25228.781
2016-02-11 14:53:00.062,25227.116
2016-02-11 14:54:00.072,25225.245
2016-02-11 14:55:00.065,25219.21
2016-02-11 14:56:00.059,25221.582
2016-02-11 14:57:00.067,25219.484
2016-02-11 14:58:00.061,25216.766
2016-02-11 14:59:00.070,25219.214
2016-02-11 15:00:00.064,25215.854
2016-02-11 15:01:00.057,25214.512
2016-02-11 15:02:00.066,25211.117
2016-02-11 15:03:00.059,25209.294
2016-02-11 15:04:00.069,25206.369
2016-02-11 15:05:00.061,25204.033
2016-02-11 15:06:00.071,25202.973
2016-02-11 15:07:00.064,25199.353
2016-02-11 15:08:00.058,25196.938
2016-02-11 15:09:00.066,25194.934
2016-02-11 15:10:00.060,25192.35
2016-02-11 15:11:00.069,25188.842
2016-02-11 15:12:00.063,25185.266
2016-02-11 15:13:00.071,25181.235
2016-02-11 15:14:00.065,25178.889
2016-02-11 15:15:00.058,25175.654
2016-02-11 15:16:00.067,25170.851
2016-02-11 15:17:00.060,25169.154
2016-02-11 15:18:00.070,25164.131
2016-02-11 15:19:00.063,25161.501
2016-02-11 15:20:00.072,25158.153
2016-02-11 15:21:00.065,25160.477
2016-02-11 15:22:00.058,25155.352
2016-02-11 15:23:00.067,25158.165
2016-02-11 15:24:00.060,25156.364
2016-02-11 15:25:00.069,25154.954
2016-02-11 15:26:00.062,25153.441
2016-02-11 15:27:00.072,25157.63
2016-02-11 15:28:00.065,25153.278
2016-02-11 15:29:00.059,25152.842
2016-02-11 15:30:00.067,25154.635
2016-02-11 15:31:00.061,25156.694
2016-02-11 15:32:00.070,25160.428
2016-02-11 15:33:00.063,25168.733
2016-02-11 15:34:00.056,25173.093
2016-02-11 15:35:00.065,25171.043
2016-02-11 15:36:00.058,25169.607
2016-02-11 15:37:00.068,25179.686
2016-02-11 15:38:00.061,25185.312
2016-02-11 15:39:00.071,25188.785
2016-02-11 15:40:00.063,25194.707
2016-02-11 15:41:00.057,25199.855
2016-02-11 15:42:00.066,25203.534
2016-02-11 15:43:00.060,25208.533
2016-02-11 15:44:00.068,25212.186
2016-02-11 15:45:00.062,25216.318
2016-02-11 15:46:00.071,25221.684
2016-02-11 15:47:00.065,25226.146
2016-02-11 15:48:00.057,25230.145
2016-02-11 15:49:00.067,25234.424
2016-02-11 15:50:00.060,25238.007
2016-02-11 15:51:00.070,25241.339
2016-02-11 15:52:00.062,25244.231
2016-02-11 15:53:00.072,25247.911
2016-02-11 15:54:00.066,25250.153
2016-02-11 15:55:00.060,25252.357
2016-02-11 15:56:00.068,25255.432
2016-02-11 15:57:00.061,25257.963
2016-02-11 15:58:00.071,25259.143
2016-02-11 15:59:00.064,25261.552
2016-02-11 16:00:00.057,25266.158
2016-02-11 16:01:00.066,25262.786
2016-02-11 16:02:00.060,25265.907
2016-02-11 16:03:00.069,25265.496
2016-02-11 16:04:00.062,25267.246
2016-02-11 16:05:00.071,25269.051
2016-02-11 16:06:00.065,25268.457
2016-02-11 16:07:00.058,25268.525
2016-02-11 16:08:00.068,25267.154
2016-02-11 16:09:00.060,25267.177
2016-02-11 16:10:00.070,25265.67
2016-02-11 16:11:00.062,25265.701
2016-02-11 16:12:00.072,25264.867
2016-02-11 16:13:00.065,25263.268
2016-02-11 16:14:00.059,25251.482
2016-02-11 16:15:00.067,25259.702
2016-02-11 16:16:00.060,25254.781
2016-02-11 16:17:00.070,25243.439
2016-02-11 16:18:00.062,25244.083
2016-02-11 16:19:00.072,25240.9
2016-02-11 16:20:00.065,25239.382
2016-02-11 16:21:00.058,25236.672
2016-02-11 16:22:00.067,25236.09
2016-02-11 16:23:00.061,25235.274
2016-02-11 16:24:00.070,25232.604
2016-02-11 16:25:00.063,25232.091
2016-02-11 16:26:00.056,25229.016
2016-02-11 16:27:00.066,25230.396
2016-02-11 16:28:00.059,25227.526
2016-02-11 16:29:00.068,25224.794
2016-02-11 16:30:00.061,25225.462
2016-02-11 16:31:00.070,25222.95
2016-02-11 16:32:00.063,25224.6
2016-02-11 16:33:00.057,25220.863
2016-02-11 16:34:00.066,25220.841
2016-02-11 16:35:00.059,25218.803
2016-02-11 16:36:00.068,25218.632
2016-02-11 16:37:00.061,25216.287
2016-02-11 16:38:00.071,25215.671
2016-02-11 16:39:00.064,25215.067
2016-02-11 16:40:00.058,25210.887
2016-02-11 16:41:00.066,25209.986
2016-02-11 16:42:00.060,25206.755
2016-02-11 16:43:00.069,25203.112
2016-02-11 16:44:00.062,25208.94
2016-02-11 16:45:00.055,25215.332
2016-02-11 16:46:00.065,25207.381
2016-02-11 16:47:00.058,25208.441
2016-02-11 16:48:00.067,25205.911
2016-02-11 16:49:00.060,25203.089
2016-02-11 16:58:00.063,25180.939
2016-02-11 16:59:00.056,25407.29
2016-02-11 17:00:00.065,25415.877
2016-02-11 17:01:00.058,25421.8
2016-02-11 17:02:00.067,25348.069
2016-02-11 17:03:00.060,25389.498
2016-02-11 17:04:00.069,25308.898
2016-02-11 17:05:00.063,25393.447
2016-02-11 17:06:00.055,25244.482
2016-02-11 17:07:00.065,25242.48
2016-02-11 17:08:00.055,25161.137
2016-02-11 17:09:00.063,25149.317
2016-02-11 17:10:00.056,25145.856
2016-02-11 17:11:00.065,25141.618
2016-02-11 17:12:00.058,25139.453
2016-02-11 17:13:00.068,25146.534
2016-02-11 17:14:00.059,25142.72
2016-02-11 17:15:00.067,25146.079
2016-02-11 17:16:00.059,25142.391
2016-02-11 17:17:00.069,25152.831
2016-02-11 17:18:00.061,25151.982
2016-02-11 17:19:00.069,25148.858
2016-02-11 17:20:00.063,25152.983
2016-02-11 17:21:00.056,25153.767
2016-02-11 17:22:00.064,25155.633
2016-02-11 17:23:00.057,25156.978
2016-02-11 17:24:00.066,25162.866
2016-02-11 17:25:00.058,25164.131
2016-02-11 17:26:00.068,25165.804
2016-02-11 17:27:00.060,25168.482
2016-02-11 17:28:00.070,25171.284
2016-02-11 17:29:00.062,25155.693
2016-02-11 17:30:00.055,25170.963
2016-02-11 17:31:00.063,25174.55
2016-02-11 17:32:00.057,25179.709
2016-02-11 17:33:00.065,25180.244
2016-02-11 17:34:00.059,25183.718
2016-02-11 17:35:00.067,25186.588
2016-02-11 17:36:00.060,25188.876
2016-02-11 17:37:00.069,25186.326
2016-02-11 17:38:00.062,25189.423
2016-02-11 17:39:00.054,25192.054
2016-02-11 17:40:00.064,25193.295
2016-02-11 17:41:00.056,25195.253
2016-02-11 17:42:00.065,25198.75
2016-02-11 17:43:00.058,25198.567
2016-02-11 17:44:00.067,25202.62
2016-02-11 17:45:00.060,25201.87
2016-02-11 17:46:00.069,25205.515
2016-02-11 17:47:00.061,25206.426
2016-02-11 17:48:00.054,25208.202
2016-02-11 17:49:00.063,25207.279
2016-02-11 17:50:00.055,25211.14
2016-02-11 17:51:00.065,25211.984
2016-02-11 17:52:00.057,25213.36
2016-02-11 17:53:00.066,25213.702
2016-02-11 17:54:00.058,25216.743
2016-02-11 17:55:00.068,25218.442
2016-02-11 17:56:00.060,25219.613
2016-02-11 17:57:00.054,25221.004
2016-02-11 17:58:00.062,25220.548
2016-02-11 17:59:00.055,25222.254
2016-02-11 18:00:00.063,25225.12
2016-02-11 18:01:00.057,25226.607
2016-02-11 18:02:00.065,25227.469
2016-02-11 18:03:00.058,25230.157
2016-02-11 18:04:00.066,25229.016
2016-02-11 18:05:00.060,25236.284
2016-02-11 18:06:00.068,25239.53
2016-02-11 18:07:00.061,25239.736
2016-02-11 18:08:00.053,25242.948
2016-02-11 18:09:00.063,25243.028
2016-02-11 18:10:00.055,25248.733
2016-02-11 18:11:00.064,25251.569
2016-02-11 18:12:00.057,25255.619
2016-02-11 18:13:00.065,25260.121
2016-02-11 18:14:00.058,25263.131
2016-02-11 18:15:00.067,25267.269
2016-02-11 18:16:00.060,25270.915
2016-02-11 18:17:00.052,25275.044
2016-02-11 18:18:00.062,25278.165
2016-02-11 18:19:00.054,25281.492
2016-02-11 18:20:00.063,25285.928
2016-02-11 18:21:00.055,25287.871
2016-02-11 18:22:00.065,25293.554
2016-02-11 18:23:00.057,25297.739
2016-02-11 18:24:00.066,25303.18
2016-02-11 18:25:00.059,25303.376
2016-02-11 18:26:00.068,25306.575
2016-02-11 18:27:00.061,25309.102
2016-02-11 18:28:00.054,25310.919
2016-02-11 18:29:00.062,25318.981
2016-02-11 18:30:00.056,25318.695
2016-02-11 18:31:00.064,25322.194
2016-02-11 18:32:00.057,25326.56
2016-02-11 18:33:00.065,25326.938
2016-02-11 18:34:00.059,25330.151
2016-02-11 18:35:00.067,25330.724
2016-02-11 18:36:00.061,25333.364
2016-02-11 18:37:00.053,25334.567
2016-02-11 18:38:00.063,25338.096
2016-02-11 18:39:00.055,25337.695
2016-02-11 18:40:00.064,25338.348
2016-02-11 18:41:00.057,25340.937
2016-02-11 18:42:00.065,25341.601
2016-02-11 18:43:00.059,25342.042
2016-02-11 18:44:00.051,25343.566
2016-02-11 18:45:00.061,25341.561
2016-02-11 18:46:00.053,25342.764
2016-02-11 18:47:00.062,25341.848
2016-02-11 18:48:00.055,25344.202
2016-02-11 18:49:00.064,25346.476
2016-02-11 18:50:00.056,25345.107
2016-02-11 18:51:00.065,25343.927
2016-02-11 18:52:00.058,25344.42
2016-02-11 18:53:00.067,25343.251
2016-02-11 18:54:00.060,25341.206
2016-02-11 18:55:00.053,25340.977
2016-02-11 18:56:00.061,25340.908
2016-02-11 18:57:00.054,25340.49
2016-02-11 18:58:00.063,25339.207
2016-02-11 18:59:00.056,25336.99
2016-02-11 19:00:00.064,25335.398
2016-02-11 19:01:00.057,25336.062
2016-02-11 19:02:00.066,25333.914
2016-02-11 19:03:00.059,25333.135
2016-02-11 19:04:00.052,25331.983
2016-02-11 19:05:00.061,25329.601
2016-02-11 19:06:00.054,25326.221
2016-02-11 19:07:00.063,25327.533
2016-02-11 19:08:00.055,25327.361
2016-02-11 19:09:00.064,25325.93
2016-02-11 19:10:00.057,25325.053
2016-02-11 19:11:00.066,25323.225
2016-02-11 19:12:00.058,25315.963
2016-02-11 19:13:00.051,25318.924
2016-02-11 19:14:00.060,25319.141
2016-02-11 19:15:00.053,25318.203
2016-02-11 19:16:00.062,25316.523
2016-02-11 19:17:00.054,25313.139
2016-02-11 19:18:00.063,25312.649
2016-02-11 19:19:00.056,25308.553
2016-02-11 19:20:00.065,25309.388
2016-02-11 19:21:00.058,25305.834
2016-02-11 19:22:00.051,25302.094
2016-02-11 19:23:00.060,25302.678
2016-02-11 19:24:00.053,25297.246
2016-02-11 19:25:00.062,25297.566
2016-02-11 19:26:00.055,25293.657
2016-02-11 19:27:00.063,25291.713
2016-02-11 19:28:00.057,25288.363
2016-02-11 19:29:00.065,25284.624
2016-02-11 19:30:00.059,25283.71
2016-02-11 19:31:00.051,25282.898
2016-02-11 19:32:00.061,25279.228
2016-02-11 19:33:00.053,25277.066
2016-02-11 19:34:00.062,25274.255
2016-02-11 19:35:00.055,25271.487
2016-02-11 19:36:00.064,25269.131
2016-02-11 19:37:00.057,25267.703
2016-02-11 19:38:00.066,25264.799
2016-02-11 19:39:00.058,25262.786
2016-02-11 19:40:00.052,25261.838
2016-02-11 19:41:00.060,25258.465
2016-02-11 19:42:00.053,25256.304
2016-02-11 19:43:00.062,25253.377
2016-02-11 19:44:00.055,25252.087
2016-02-11 19:45:00.063,25248.487
2016-02-11 19:46:00.056,25247.74
2016-02-11 19:47:00.065,25245.959
2016-02-11 19:48:00.058,25242.942
2016-02-11 19:49:00.051,25238.435
2016-02-11 19:50:00.059,25241.852
2016-02-11 19:51:00.053,25237.602
2016-02-11 19:52:00.061,25234.498
2016-02-11 19:53:00.054,25234.926
2016-02-11 19:54:00.063,25230.83
2016-02-11 19:55:00.056,25230.362
2016-02-11 19:56:00.064,25229.153
2016-02-11 19:57:00.058,25229.814
2016-02-11 19:58:00.050,25231.754
2016-02-11 19:59:00.060,25230.214
2016-02-11 20:00:00.052,25227.082
2016-02-11 20:01:00.062,25224.714
2016-02-11 20:02:00.054,25227.447
2016-02-11 20:03:00.064,25227.435
2016-02-11 20:04:00.056,25225.455
2016-02-11 20:05:00.050,25229.552
2016-02-11 20:06:00.058,25230.031
2016-02-11 20:07:00.051,25231.252
2016-02-11 20:08:00.060,25231.856
2016-02-11 20:09:00.053,25234.561
2016-02-11 20:10:00.061,25235.166
2016-02-11 20:11:00.055,25233.038
2016-02-11 20:12:00.063,25240.112
2016-02-11 20:13:00.057,25240.631
2016-02-11 20:14:00.049,25245.669
2016-02-11 20:15:00.059,25246.297
2016-02-11 20:16:00.051,25248.224
2016-02-11 20:17:00.060,25252.612
2016-02-11 20:18:00.053,25255.984
2016-02-11 20:19:00.061,25256.121
2016-02-11 20:20:00.054,25261.552
2016-02-11 20:21:00.063,25262.857
2016-02-11 20:22:00.056,25267.2
2016-02-11 20:23:00.048,25268.425
2016-02-11 20:24:00.058,25270.778
2016-02-11 20:25:00.050,25273.602
2016-02-11 20:26:00.060,25273.899
2016-02-11 20:27:00.052,25277.319
2016-02-11 20:28:00.061,25277.719
2016-02-11 20:29:00.054,25279.193
2016-02-11 20:30:00.063,25280.073
2016-02-11 20:31:00.056,25279.834
2016-02-11 20:32:00.049,25279.056
2016-02-11 20:33:00.057,25280.097
2016-02-11 20:34:00.050,25275.638
2016-02-11 20:35:00.059,25278.244
2016-02-11 20:36:00.052,25272.734
2016-02-11 20:37:00.060,25268.24
2016-02-11 20:38:00.053,25266.686
2016-02-11 20:39:00.062,25264.456
2016-02-11 20:40:00.055,25255.824
2016-02-11 20:41:00.063,25254.142
2016-02-11 20:42:00.057,25248.185
2016-02-11 20:43:00.049,25243.923
2016-02-11 20:44:00.059,25237.859
2016-02-11 20:45:00.051,25227.196
2016-02-11 20:46:00.060,25224.246
2016-02-11 20:47:00.053,25217.153
2016-02-11 20:48:00.062,25210.263
2016-02-11 20:49:00.054,25204.637
2016-02-11 20:50:00.063,25194.536
2016-02-11 20:51:00.056,25189.4
2016-02-11 20:52:00.049,25183.854
2016-02-11 20:53:00.058,25177.899
2016-02-11 20:54:00.050,25169.233
2016-02-11 20:55:00.060,25164.714
2016-02-11 20:56:00.052,25156.262
2016-02-11 20:57:00.061,25150.102
2016-02-11 20:58:00.053,25145.925
2016-02-11 20:59:00.063,25142.76
2016-02-11 21:00:00.055,25137.714
2016-02-11 21:01:00.049,25131.571
2016-02-11 21:02:00.057,25128.599
2016-02-11 21:03:00.050,25125.343
2016-02-11 21:04:00.059,25122.643
2016-02-11 21:05:00.052,25118.263
2016-02-11 21:06:00.061,25114.939
2016-02-11 21:07:00.054,25115.098
2016-02-11 21:08:00.063,25110.699
2016-02-11 21:09:00.056,25108.487
2016-02-11 21:10:00.048,25108.746
2016-02-11 21:11:00.058,25107.951
2016-02-11 21:12:00.050,25107.591
2016-02-11 21:13:00.060,25108.088
2016-02-11 21:14:00.052,25106.524
2016-02-11 21:15:00.061,25110.097
2016-02-11 21:16:00.054,25112.092
2016-02-11 21:17:00.063,25113.137
2016-02-11 21:18:00.056,25115.291
2016-02-11 21:19:00.050,25119.149
2016-02-11 21:20:00.058,25120.273
2016-02-11 21:21:00.051,25126.815
2016-02-11 21:22:00.060,25130.264
2016-02-11 21:23:00.053,25134.315
2016-02-11 21:24:00.062,25137.998
2016-02-11 21:25:00.055,25145.169
2016-02-11 21:26:00.048,25149.59
2016-02-11 21:27:00.057,25155.958
2016-02-11 21:28:00.050,25161.125
2016-02-11 21:29:00.059,25168.355
2016-02-11 21:30:00.052,25175.2
2016-02-11 21:31:00.061,25180.563
2016-02-11 21:32:00.055,25188.706
2016-02-11 21:33:00.047,25196.119
2016-02-11 21:34:00.057,25204.227
2016-02-11 21:35:00.049,25210.718
2016-02-11 21:36:00.059,25218.328
2016-02-11 21:37:00.052,25225.74
2016-02-11 21:38:00.061,25234.778
2016-02-11 21:39:00.054,25239.941
2016-02-11 21:40:00.047,25245.681
2016-02-11 21:41:00.056,25253.411
2016-02-11 21:42:00.050,25260.193
2016-02-11 21:43:00.058,25265.016
2016-02-11 21:44:00.051,25269.91
2016-02-11 21:45:00.060,25275.524
2016-02-11 21:46:00.054,25280.531
2016-02-11 21:47:00.046,25284.876
2016-02-11 21:48:00.056,25290.467
2016-02-11 21:49:00.048,25290.638
2016-02-11 21:50:00.058,25297.509
2016-02-11 21:51:00.051,25301.133
2016-02-11 21:52:00.060,25306.005
2016-02-11 21:53:00.053,25308.063
2016-02-11 21:54:00.062,25310.486
2016-02-11 21:55:00.055,25310.452
2016-02-11 21:56:00.048,25311.436
2016-02-11 21:57:00.057,25312.452
2016-02-11 21:58:00.050,25312.795
2016-02-11 21:59:00.059,25311.676
2016-02-11 22:00:00.051,25311.708
2016-02-11 22:01:00.060,25311.791
2016-02-11 22:02:00.054,25308.051
2016-02-11 22:03:00.046,25305.98
2016-02-11 22:04:00.055,25303.969
2016-02-11 22:05:00.048,25303.09
2016-02-11 22:06:00.056,25298.927
2016-02-11 22:07:00.050,25295.783
2016-02-11 22:08:00.058,25292.205
2016-02-11 22:09:00.051,25288.797
2016-02-11 22:10:00.060,25284.269
2016-02-11 22:11:00.053,25280.336
2016-02-11 22:12:00.061,25270.915
2016-02-11 22:13:00.055,25270.95
2016-02-11 22:14:00.047,25265.213
2016-02-11 22:15:00.057,25256.075
2016-02-11 22:16:00.049,25255.447
2016-02-11 22:17:00.058,25250.85
2016-02-11 22:18:00.050,25244.22
2016-02-11 22:19:00.060,25241.681
2016-02-11 22:20:00.052,25233.756
2016-02-11 22:21:00.061,25228.758
2016-02-11 22:22:00.054,25222.779
2016-02-11 22:23:00.047,25220.32
2016-02-11 22:24:00.056,25214.911
2016-02-11 22:25:00.050,25210.704
2016-02-11 22:26:00.058,25205.537
2016-02-11 22:27:00.052,25201.745
2016-02-11 22:28:00.060,25195.527
2016-02-11 22:29:00.054,25193.613
2016-02-11 22:30:00.046,25189.89
2016-02-11 22:31:00.055,25185.961
2016-02-11 22:32:00.048,25183.034
2016-02-11 22:33:00.057,25178.15
2016-02-11 22:34:00.050,25175.519
2016-02-11 22:35:00.058,25173.298
2016-02-11 22:36:00.051,25171.191
2016-02-11 22:37:00.060,25169.586
2016-02-11 22:38:00.052,25166.532
2016-02-11 22:39:00.060,25165.497
2016-02-11 22:40:00.054,25162.926
2016-02-11 22:41:00.046,25164.131
2016-02-11 22:42:00.055,25159.715
2016-02-11 22:43:00.047,25159.894
2016-02-11 22:44:00.057,25159.453
2016-02-11 22:45:00.049,25157.914
2016-02-11 22:46:00.058,25156.512
2016-02-11 22:47:00.050,25158.377
2016-02-11 22:48:00.060,25158.233
2016-02-11 22:49:00.052,25159.305
2016-02-11 22:50:00.046,25158.165
2016-02-11 22:51:00.054,25160.007
2016-02-11 22:52:00.047,25162.653
2016-02-11 22:53:00.056,25163.514
2016-02-11 22:54:00.049,25165.886
2016-02-11 22:55:00.057,25168.63
2016-02-11 22:56:00.051,25169.265
2016-02-11 22:57:00.059,25173.548
2016-02-11 22:58:00.052,25176.886
2016-02-11 22:59:00.045,25178.32
2016-02-11 23:00:00.054,25181.27
2016-02-11 23:01:00.046,25186.189
2016-02-11 23:02:00.056,25189.286
2016-02-11 23:03:00.048,25193.648
2016-02-11 23:04:00.057,25197.177
2016-02-11 23:05:00.049,25200.026
2016-02-11 23:06:00.059,25202.69
2016-02-11 23:07:00.051,25206.743
2016-02-11 23:08:00.061,25212.098
2016-02-11 23:09:00.053,25213.004
2016-02-11 23:10:00.045,25217.412
2016-02-11 23:11:00.055,25222.277
2016-02-11 23:12:00.047,25224.349
2016-02-11 23:13:00.056,25229.21
2016-02-11 23:14:00.049,25231.589
2016-02-11 23:15:00.058,25238.189
2016-02-11 23:16:00.050,25241.613
2016-02-11 23:17:00.060,25244.711
2016-02-11 23:18:00.052,25249.046
2016-02-11 23:19:00.045,25252.155
2016-02-11 23:20:00.053,25255.436
2016-02-11 23:21:00.047,25259.242
2016-02-11 23:22:00.055,25261.472
2016-02-11 23:23:00.048,25259.562
2016-02-11 23:24:00.056,25266.789
2016-02-11 23:25:00.050,25271.03
2016-02-11 23:26:00.058,25272.721
2016-02-11 23:27:00.051,25273.659
2016-02-11 23:28:00.044,25274.747
2016-02-11 23:29:00.053,25277.981
2016-02-11 23:30:00.046,25278.095
2016-02-11 23:31:00.055,25279.045
2016-02-11 23:32:00.048,25279.776
2016-02-11 23:33:00.057,25281.366
2016-02-11 23:34:00.049,25282.852
2016-02-11 23:35:00.059,25283.721
2016-02-11 23:36:00.051,25281.926
2016-02-11 23:37:00.044,25283.264
2016-02-11 23:38:00.053,25281.571
2016-02-11 23:39:00.046,25283.298
2016-02-11 23:40:00.054,25280.908
2016-02-11 23:41:00.047,25280.211
2016-02-11 23:42:00.056,25280.325
2016-02-11 23:43:00.049,25278.439
2016-02-11 23:44:00.058,25276.141
2016-02-11 23:45:00.050,25276.449
2016-02-11 23:46:00.060,25274.667
2016-02-11 23:47:00.052,25272.597
2016-02-11 23:48:00.045,25270.904
2016-02-11 23:49:00.053,25266.595
2016-02-11 23:50:00.047,25266.481
2016-02-11 23:51:00.055,25261.449
2016-02-11 23:52:00.049,25258.991
2016-02-11 23:53:00.057,25255.455
2016-02-11 23:54:00.051,25248.688
2016-02-11 23:55:00.059,25246.035
2016-02-11 23:56:00.052,25242.605
2016-02-11 23:57:00.045,25236.832
2016-02-11 23:58:00.054,25231.977
2016-02-11 23:59:00.046,25223.669
