time,longitude,latitude
2016-02-10 05:11:00,-15.169912,-30.222993
2016-02-10 05:12:00,-15.168458,-30.222885
2016-02-10 05:13:00,-15.167002,-30.222703
2016-02-10 05:14:00,-15.165563,-30.222493
2016-02-10 05:15:00,-15.16413,-30.222343
2016-02-10 05:16:00,-15.16272,-30.222167
2016-02-10 05:17:00,-15.16131,-30.222018
2016-02-10 05:18:00,-15.159908,-30.221845
2016-02-10 05:19:00,-15.158503,-30.22172
2016-02-10 05:20:00,-15.157118,-30.221547
2016-02-10 05:21:00,-15.155738,-30.221398
2016-02-10 05:22:00,-15.154365,-30.221268
2016-02-10 05:23:00,-15.152985,-30.221118
2016-02-10 05:24:00,-15.151603,-30.220998
2016-02-10 05:25:00,-15.150227,-30.220838
2016-02-10 05:26:00,-15.148852,-30.220682
2016-02-10 05:27:00,-15.147473,-30.220537
2016-02-10 05:28:00,-15.146107,-30.2204
2016-02-10 05:29:00,-15.144727,-30.220263
2016-02-10 05:30:00,-15.143365,-30.22012
2016-02-10 05:31:00,-15.141982,-30.219987
2016-02-10 05:32:00,-15.1406,-30.219813
2016-02-10 05:33:00,-15.139218,-30.219688
2016-02-10 05:34:00,-15.137848,-30.219535
2016-02-10 05:35:00,-15.136475,-30.219402
2016-02-10 05:36:00,-15.13509,-30.219272
2016-02-10 05:37:00,-15.133693,-30.219128
2016-02-10 05:38:00,-15.132307,-30.218983
2016-02-10 05:39:00,-15.13093,-30.218817
2016-02-10 05:40:00,-15.129553,-30.218708
2016-02-10 05:41:00,-15.128188,-30.218553
2016-02-10 05:42:00,-15.12682,-30.218412
2016-02-10 05:43:00,-15.125448,-30.21828
2016-02-10 05:44:00,-15.124083,-30.218133
2016-02-10 05:45:00,-15.122722,-30.217992
2016-02-10 05:46:00,-15.121365,-30.217837
2016-02-10 05:47:00,-15.119998,-30.21771
2016-02-10 05:48:00,-15.11861,-30.217548
2016-02-10 05:49:00,-15.117215,-30.217415
2016-02-10 05:50:00,-15.115805,-30.21729
2016-02-10 05:51:00,-15.114403,-30.217127
2016-02-10 05:52:00,-15.112997,-30.216985
2016-02-10 05:53:00,-15.111615,-30.216845
2016-02-10 05:54:00,-15.110252,-30.21671
2016-02-10 05:55:00,-15.1089,-30.21658
2016-02-10 05:56:00,-15.107583,-30.216412
2016-02-10 05:57:00,-15.106263,-30.21625
2016-02-10 05:58:00,-15.104937,-30.216142
2016-02-10 05:59:00,-15.103605,-30.216008
2016-02-10 06:00:00,-15.102263,-30.215882
2016-02-10 06:01:00,-15.10092,-30.215743
2016-02-10 06:02:00,-15.099568,-30.215598
2016-02-10 06:03:00,-15.098233,-30.21543
2016-02-10 06:04:00,-15.096887,-30.215308
2016-02-10 06:05:00,-15.095553,-30.21515
2016-02-10 06:06:00,-15.094218,-30.215003
2016-02-10 06:07:00,-15.092905,-30.214818
2016-02-10 06:08:00,-15.091572,-30.214677
2016-02-10 06:09:00,-15.090237,-30.214563
2016-02-10 06:10:00,-15.088927,-30.214412
2016-02-10 06:11:00,-15.087628,-30.214305
2016-02-10 06:12:00,-15.086323,-30.214178
2016-02-10 06:13:00,-15.085025,-30.214035
2016-02-10 06:14:00,-15.083733,-30.213877
2016-02-10 06:15:00,-15.082438,-30.213727
2016-02-10 06:16:00,-15.081122,-30.213648
2016-02-10 06:17:00,-15.07982,-30.213492
2016-02-10 06:18:00,-15.078522,-30.213335
2016-02-10 06:19:00,-15.07722,-30.21318
2016-02-10 06:20:00,-15.07592,-30.213035
2016-02-10 06:21:00,-15.074623,-30.212885
2016-02-10 06:22:00,-15.073317,-30.212767
2016-02-10 06:23:00,-15.072013,-30.212607
2016-02-10 06:24:00,-15.070702,-30.212495
2016-02-10 06:25:00,-15.069397,-30.212358
2016-02-10 06:26:00,-15.068115,-30.212193
2016-02-10 06:27:00,-15.066813,-30.212067
2016-02-10 06:28:00,-15.065503,-30.211947
2016-02-10 06:29:00,-15.064192,-30.211808
2016-02-10 06:30:00,-15.062865,-30.211687
2016-02-10 06:31:00,-15.061527,-30.211562
2016-02-10 06:32:00,-15.060182,-30.211415
2016-02-10 06:33:00,-15.058853,-30.211267
2016-02-10 06:34:00,-15.057538,-30.21111
2016-02-10 06:35:00,-15.05621,-30.210988
2016-02-10 06:36:00,-15.054878,-30.210858
2016-02-10 06:37:00,-15.05355,-30.210698
2016-02-10 06:38:00,-15.052217,-30.210572
2016-02-10 06:39:00,-15.050885,-30.21041
2016-02-10 06:40:00,-15.049558,-30.21026
2016-02-10 06:41:00,-15.04823,-30.210125
2016-02-10 06:42:00,-15.046895,-30.210007
2016-02-10 06:43:00,-15.045553,-30.209855
2016-02-10 06:44:00,-15.044193,-30.2097
2016-02-10 06:45:00,-15.04283,-30.209545
2016-02-10 06:46:00,-15.041472,-30.209402
2016-02-10 06:47:00,-15.040113,-30.209268
2016-02-10 06:48:00,-15.038777,-30.209122
2016-02-10 06:49:00,-15.037438,-30.208965
2016-02-10 06:50:00,-15.036102,-30.208795
2016-02-10 06:51:00,-15.03476,-30.208657
2016-02-10 06:52:00,-15.033408,-30.208533
2016-02-10 06:53:00,-15.032123,-30.208372
2016-02-10 06:54:00,-15.030863,-30.20825
2016-02-10 06:55:00,-15.029645,-30.208123
2016-02-10 06:56:00,-15.028452,-30.207987
2016-02-10 06:57:00,-15.027255,-30.207882
2016-02-10 06:58:00,-15.026058,-30.207743
2016-02-10 06:59:00,-15.024865,-30.20764
2016-02-10 07:00:00,-15.023693,-30.207493
2016-02-10 07:01:00,-15.022532,-30.207338
2016-02-10 07:02:00,-15.02137,-30.207192
2016-02-10 07:03:00,-15.020212,-30.207077
2016-02-10 07:04:00,-15.019047,-30.206968
2016-02-10 07:05:00,-15.01789,-30.206803
2016-02-10 07:06:00,-15.016708,-30.20668
2016-02-10 07:07:00,-15.015518,-30.206543
2016-02-10 07:08:00,-15.014325,-30.206405
2016-02-10 07:09:00,-15.013128,-30.206262
2016-02-10 07:10:00,-15.011908,-30.206122
2016-02-10 07:11:00,-15.01069,-30.206005
2016-02-10 07:12:00,-15.009473,-30.205858
2016-02-10 07:13:00,-15.008257,-30.20575
2016-02-10 07:14:00,-15.007033,-30.205637
2016-02-10 07:15:00,-15.005817,-30.205507
2016-02-10 07:16:00,-15.004615,-30.205323
2016-02-10 07:17:00,-15.00343,-30.205195
2016-02-10 07:18:00,-15.002223,-30.205098
2016-02-10 07:19:00,-15.001027,-30.20497
2016-02-10 07:20:00,-14.999833,-30.204848
2016-02-10 07:21:00,-14.998652,-30.204707
2016-02-10 07:22:00,-14.997457,-30.204583
2016-02-10 07:23:00,-14.996267,-30.204452
2016-02-10 07:24:00,-14.995073,-30.204308
2016-02-10 07:25:00,-14.993882,-30.204162
2016-02-10 07:26:00,-14.992688,-30.204035
2016-02-10 07:27:00,-14.991498,-30.203925
2016-02-10 07:28:00,-14.990318,-30.203797
2016-02-10 07:29:00,-14.989147,-30.20365
2016-02-10 07:30:00,-14.98797,-30.203517
2016-02-10 07:31:00,-14.986808,-30.203375
2016-02-10 07:32:00,-14.985662,-30.203227
2016-02-10 07:33:00,-14.984502,-30.2031
2016-02-10 07:34:00,-14.98333,-30.202947
2016-02-10 07:35:00,-14.982148,-30.202823
2016-02-10 07:36:00,-14.980965,-30.202707
2016-02-10 07:37:00,-14.97979,-30.202588
2016-02-10 07:38:00,-14.978593,-30.202423
2016-02-10 07:39:00,-14.97734,-30.202307
2016-02-10 07:40:00,-14.976035,-30.202165
2016-02-10 07:41:00,-14.97472,-30.202023
2016-02-10 07:42:00,-14.973372,-30.20187
2016-02-10 07:43:00,-14.972022,-30.201712
2016-02-10 07:44:00,-14.970663,-30.201578
2016-02-10 07:45:00,-14.969292,-30.20145
2016-02-10 07:46:00,-14.96793,-30.201278
2016-02-10 07:47:00,-14.966575,-30.201137
2016-02-10 07:48:00,-14.965227,-30.200973
2016-02-10 07:49:00,-14.963892,-30.20084
2016-02-10 07:50:00,-14.962555,-30.200687
2016-02-10 07:51:00,-14.961207,-30.200557
2016-02-10 07:52:00,-14.959863,-30.200368
2016-02-10 07:53:00,-14.958502,-30.200223
2016-02-10 07:54:00,-14.957128,-30.200105
2016-02-10 07:55:00,-14.955762,-30.19994
2016-02-10 07:56:00,-14.954403,-30.199805
2016-02-10 07:57:00,-14.953055,-30.199637
2016-02-10 07:58:00,-14.951705,-30.1995
2016-02-10 07:59:00,-14.950335,-30.199337
2016-02-10 08:00:00,-14.948972,-30.19919
2016-02-10 08:01:00,-14.947593,-30.199045
2016-02-10 08:02:00,-14.946213,-30.198892
2016-02-10 08:03:00,-14.944847,-30.198747
2016-02-10 08:04:00,-14.94349,-30.198608
2016-02-10 08:05:00,-14.942137,-30.198448
2016-02-10 08:06:00,-14.940785,-30.198308
2016-02-10 08:07:00,-14.939443,-30.198157
2016-02-10 08:08:00,-14.938102,-30.197988
2016-02-10 08:09:00,-14.93676,-30.197873
2016-02-10 08:10:00,-14.935417,-30.197727
2016-02-10 08:11:00,-14.934097,-30.197563
2016-02-10 08:12:00,-14.93276,-30.197443
2016-02-10 08:13:00,-14.931412,-30.197322
2016-02-10 08:14:00,-14.930057,-30.19719
2016-02-10 08:15:00,-14.928697,-30.197033
2016-02-10 08:16:00,-14.927343,-30.196875
2016-02-10 08:17:00,-14.926002,-30.196687
2016-02-10 08:18:00,-14.924655,-30.196557
2016-02-10 08:19:00,-14.923312,-30.196428
2016-02-10 08:20:00,-14.921982,-30.196303
2016-02-10 08:21:00,-14.920643,-30.196157
2016-02-10 08:22:00,-14.919312,-30.196008
2016-02-10 08:23:00,-14.917977,-30.195865
2016-02-10 08:24:00,-14.916648,-30.195717
2016-02-10 08:25:00,-14.915317,-30.195568
2016-02-10 08:26:00,-14.913987,-30.195447
2016-02-10 08:27:00,-14.91265,-30.195322
2016-02-10 08:28:00,-14.911303,-30.195162
2016-02-10 08:29:00,-14.909963,-30.195012
2016-02-10 08:30:00,-14.908618,-30.194873
2016-02-10 08:31:00,-14.907278,-30.194702
2016-02-10 08:32:00,-14.90592,-30.194567
2016-02-10 08:33:00,-14.904542,-30.194433
2016-02-10 08:34:00,-14.903157,-30.194258
2016-02-10 08:35:00,-14.90176,-30.19411
2016-02-10 08:36:00,-14.900355,-30.193987
2016-02-10 08:37:00,-14.898995,-30.19382
2016-02-10 08:38:00,-14.897658,-30.193645
2016-02-10 08:39:00,-14.89631,-30.193522
2016-02-10 08:40:00,-14.894978,-30.19337
2016-02-10 08:41:00,-14.893632,-30.19323
2016-02-10 08:42:00,-14.892302,-30.193083
2016-02-10 08:43:00,-14.890987,-30.192943
2016-02-10 08:44:00,-14.889667,-30.192812
2016-02-10 08:45:00,-14.88834,-30.192685
2016-02-10 08:46:00,-14.887013,-30.192543
2016-02-10 08:47:00,-14.885678,-30.192408
2016-02-10 08:48:00,-14.88435,-30.192227
2016-02-10 08:49:00,-14.883012,-30.192098
2016-02-10 08:50:00,-14.881667,-30.191935
2016-02-10 08:51:00,-14.880332,-30.191785
2016-02-10 08:52:00,-14.878997,-30.19163
2016-02-10 08:53:00,-14.877655,-30.191518
2016-02-10 08:54:00,-14.876318,-30.191367
2016-02-10 08:55:00,-14.874973,-30.191232
2016-02-10 08:56:00,-14.87362,-30.191078
2016-02-10 08:57:00,-14.872278,-30.190935
2016-02-10 08:58:00,-14.87095,-30.190773
2016-02-10 08:59:00,-14.86962,-30.190653
2016-02-10 09:00:00,-14.868278,-30.19048
2016-02-10 09:01:00,-14.866935,-30.190342
2016-02-10 09:02:00,-14.865585,-30.190197
2016-02-10 09:03:00,-14.864228,-30.190048
2016-02-10 09:04:00,-14.862898,-30.189905
2016-02-10 09:05:00,-14.861568,-30.189778
2016-02-10 09:06:00,-14.860238,-30.189628
2016-02-10 09:07:00,-14.858912,-30.189488
2016-02-10 09:08:00,-14.857585,-30.189308
2016-02-10 09:09:00,-14.856253,-30.189207
2016-02-10 09:10:00,-14.854925,-30.189047
2016-02-10 09:11:00,-14.853587,-30.18889
2016-02-10 09:12:00,-14.852242,-30.18875
2016-02-10 09:13:00,-14.850905,-30.188617
2016-02-10 09:14:00,-14.849562,-30.188448
2016-02-10 09:15:00,-14.848212,-30.18832
2016-02-10 09:16:00,-14.846882,-30.188125
2016-02-10 09:17:00,-14.845535,-30.188015
2016-02-10 09:18:00,-14.844183,-30.187853
2016-02-10 09:19:00,-14.842822,-30.187732
2016-02-10 09:20:00,-14.841465,-30.18759
2016-02-10 09:21:00,-14.840105,-30.18744
2016-02-10 09:22:00,-14.838753,-30.187267
2016-02-10 09:23:00,-14.837398,-30.18713
2016-02-10 09:24:00,-14.836037,-30.186987
2016-02-10 09:25:00,-14.83468,-30.186817
2016-02-10 09:26:00,-14.833335,-30.186653
2016-02-10 09:27:00,-14.831958,-30.186507
2016-02-10 09:28:00,-14.830583,-30.186373
2016-02-10 09:29:00,-14.829218,-30.186172
2016-02-10 09:30:00,-14.827857,-30.18605
2016-02-10 09:31:00,-14.826497,-30.185905
2016-02-10 09:32:00,-14.825145,-30.185737
2016-02-10 09:33:00,-14.823777,-30.185598
2016-02-10 09:34:00,-14.822415,-30.18544
2016-02-10 09:35:00,-14.821053,-30.185285
2016-02-10 09:36:00,-14.819703,-30.185133
2016-02-10 09:37:00,-14.81834,-30.185015
2016-02-10 09:38:00,-14.81698,-30.184838
2016-02-10 09:39:00,-14.815632,-30.184688
2016-02-10 09:40:00,-14.81429,-30.184535
2016-02-10 09:41:00,-14.812952,-30.184392
2016-02-10 09:42:00,-14.811605,-30.184257
2016-02-10 09:43:00,-14.810267,-30.184092
2016-02-10 09:44:00,-14.808937,-30.183968
2016-02-10 09:45:00,-14.807595,-30.183817
2016-02-10 09:46:00,-14.80626,-30.183657
2016-02-10 09:47:00,-14.804927,-30.18353
2016-02-10 09:48:00,-14.803588,-30.183393
2016-02-10 09:49:00,-14.802248,-30.183248
2016-02-10 09:50:00,-14.800918,-30.183112
2016-02-10 09:51:00,-14.799603,-30.182943
2016-02-10 09:52:00,-14.79829,-30.182782
2016-02-10 09:53:00,-14.796975,-30.182677
2016-02-10 09:54:00,-14.795673,-30.1825
2016-02-10 09:55:00,-14.794378,-30.182382
2016-02-10 09:56:00,-14.793083,-30.182237
2016-02-10 09:57:00,-14.791802,-30.182073
2016-02-10 09:58:00,-14.790512,-30.181962
2016-02-10 09:59:00,-14.789217,-30.181812
2016-02-10 10:00:00,-14.787913,-30.181682
2016-02-10 10:01:00,-14.786633,-30.18151
2016-02-10 10:02:00,-14.785345,-30.181345
2016-02-10 10:03:00,-14.78404,-30.181257
2016-02-10 10:04:00,-14.782727,-30.181112
2016-02-10 10:05:00,-14.781427,-30.180972
2016-02-10 10:06:00,-14.780135,-30.180825
2016-02-10 10:07:00,-14.778838,-30.180673
2016-02-10 10:08:00,-14.777522,-30.180538
2016-02-10 10:09:00,-14.776203,-30.180395
2016-02-10 10:10:00,-14.774882,-30.180267
2016-02-10 10:11:00,-14.773592,-30.180108
2016-02-10 10:12:00,-14.772277,-30.179952
2016-02-10 10:13:00,-14.770972,-30.179798
2016-02-10 10:14:00,-14.769642,-30.179632
2016-02-10 10:15:00,-14.768293,-30.179513
2016-02-10 10:16:00,-14.766942,-30.17937
2016-02-10 10:17:00,-14.765607,-30.179202
2016-02-10 10:18:00,-14.764263,-30.179057
2016-02-10 10:19:00,-14.762907,-30.178888
2016-02-10 10:20:00,-14.761565,-30.178728
2016-02-10 10:21:00,-14.76022,-30.1786
2016-02-10 10:22:00,-14.758855,-30.178467
2016-02-10 10:23:00,-14.757502,-30.1783
2016-02-10 10:24:00,-14.756143,-30.178163
2016-02-10 10:25:00,-14.754792,-30.178017
2016-02-10 10:26:00,-14.753442,-30.177872
2016-02-10 10:27:00,-14.752102,-30.177698
2016-02-10 10:28:00,-14.750752,-30.177517
2016-02-10 10:29:00,-14.749393,-30.177353
2016-02-10 10:30:00,-14.748055,-30.177233
2016-02-10 10:31:00,-14.746712,-30.177095
2016-02-10 10:32:00,-14.745353,-30.176943
2016-02-10 10:33:00,-14.744005,-30.17681
2016-02-10 10:34:00,-14.742667,-30.176663
2016-02-10 10:35:00,-14.74135,-30.176455
2016-02-10 10:36:00,-14.740008,-30.176323
2016-02-10 10:37:00,-14.738677,-30.176182
2016-02-10 10:38:00,-14.737322,-30.176038
2016-02-10 10:39:00,-14.735977,-30.175877
2016-02-10 10:40:00,-14.734627,-30.175732
2016-02-10 10:41:00,-14.733272,-30.17558
2016-02-10 10:42:00,-14.731933,-30.175435
2016-02-10 10:43:00,-14.730603,-30.17529
2016-02-10 10:44:00,-14.729262,-30.175142
2016-02-10 10:45:00,-14.727932,-30.174965
2016-02-10 10:46:00,-14.726602,-30.174843
2016-02-10 10:47:00,-14.725268,-30.17469
2016-02-10 10:48:00,-14.723945,-30.17454
2016-02-10 10:49:00,-14.722613,-30.174365
2016-02-10 10:50:00,-14.721278,-30.174227
2016-02-10 10:51:00,-14.719938,-30.174088
2016-02-10 10:52:00,-14.718592,-30.173932
2016-02-10 10:53:00,-14.717255,-30.173773
2016-02-10 10:54:00,-14.715925,-30.173608
2016-02-10 10:55:00,-14.714597,-30.173458
2016-02-10 10:56:00,-14.713283,-30.173325
2016-02-10 10:57:00,-14.711988,-30.173198
2016-02-10 10:58:00,-14.710677,-30.173052
2016-02-10 10:59:00,-14.709338,-30.172922
2016-02-10 11:00:00,-14.708005,-30.172763
2016-02-10 11:01:00,-14.706663,-30.172595
2016-02-10 11:02:00,-14.705333,-30.172442
2016-02-10 11:03:00,-14.704002,-30.172305
2016-02-10 11:04:00,-14.70267,-30.172148
2016-02-10 11:05:00,-14.701327,-30.17203
2016-02-10 11:06:00,-14.699985,-30.171908
2016-02-10 11:07:00,-14.698655,-30.17173
2016-02-10 11:08:00,-14.697317,-30.171573
2016-02-10 11:09:00,-14.695978,-30.171425
2016-02-10 11:10:00,-14.694657,-30.171262
2016-02-10 11:11:00,-14.693325,-30.171153
2016-02-10 11:12:00,-14.69199,-30.171027
2016-02-10 11:13:00,-14.690665,-30.170867
2016-02-10 11:14:00,-14.68934,-30.170688
2016-02-10 11:15:00,-14.688013,-30.170553
2016-02-10 11:16:00,-14.686685,-30.170415
2016-02-10 11:17:00,-14.685382,-30.170267
2016-02-10 11:18:00,-14.684078,-30.170095
2016-02-10 11:19:00,-14.682758,-30.169987
2016-02-10 11:20:00,-14.681438,-30.16983
2016-02-10 11:21:00,-14.680092,-30.169685
2016-02-10 11:22:00,-14.678762,-30.169505
2016-02-10 11:23:00,-14.67742,-30.169368
2016-02-10 11:24:00,-14.67606,-30.169235
2016-02-10 11:25:00,-14.67471,-30.169077
2016-02-10 11:26:00,-14.673345,-30.16894
2016-02-10 11:27:00,-14.67198,-30.16878
2016-02-10 11:28:00,-14.670608,-30.16864
2016-02-10 11:29:00,-14.66925,-30.168492
2016-02-10 11:30:00,-14.667893,-30.168332
2016-02-10 11:31:00,-14.666545,-30.168155
2016-02-10 11:32:00,-14.665183,-30.168035
2016-02-10 11:33:00,-14.663838,-30.167865
2016-02-10 11:34:00,-14.662492,-30.167762
2016-02-10 11:35:00,-14.661143,-30.167585
2016-02-10 11:36:00,-14.659797,-30.167417
2016-02-10 11:37:00,-14.658432,-30.16728
2016-02-10 11:38:00,-14.657062,-30.167115
2016-02-10 11:39:00,-14.65568,-30.166985
2016-02-10 11:40:00,-14.654295,-30.166825
2016-02-10 11:41:00,-14.652945,-30.16667
2016-02-10 11:42:00,-14.651608,-30.1665
2016-02-10 11:43:00,-14.65027,-30.166363
2016-02-10 11:44:00,-14.648938,-30.1662
2016-02-10 11:45:00,-14.647608,-30.16606
2016-02-10 11:46:00,-14.64627,-30.165912
2016-02-10 11:47:00,-14.644942,-30.165763
2016-02-10 11:48:00,-14.643613,-30.165607
2016-02-10 11:49:00,-14.64229,-30.165455
2016-02-10 11:50:00,-14.640958,-30.165323
2016-02-10 11:51:00,-14.63962,-30.16518
2016-02-10 11:52:00,-14.638298,-30.165005
2016-02-10 11:53:00,-14.636968,-30.16487
2016-02-10 11:54:00,-14.635647,-30.164722
2016-02-10 11:55:00,-14.634317,-30.164555
2016-02-10 11:56:00,-14.63299,-30.164425
2016-02-10 11:57:00,-14.631662,-30.164272
2016-02-10 11:58:00,-14.630335,-30.16412
2016-02-10 11:59:00,-14.629025,-30.163943
2016-02-10 12:00:00,-14.62769,-30.163795
2016-02-10 12:01:00,-14.626343,-30.163672
2016-02-10 12:02:00,-14.624993,-30.163545
2016-02-10 12:03:00,-14.62365,-30.163387
2016-02-10 12:04:00,-14.622312,-30.16322
2016-02-10 12:05:00,-14.620962,-30.163097
2016-02-10 12:06:00,-14.619615,-30.162905
2016-02-10 12:07:00,-14.618267,-30.162767
2016-02-10 12:08:00,-14.616915,-30.162632
2016-02-10 12:09:00,-14.615568,-30.162483
2016-02-10 12:10:00,-14.61423,-30.162337
2016-02-10 12:11:00,-14.612895,-30.16215
2016-02-10 12:12:00,-14.611558,-30.161985
2016-02-10 12:13:00,-14.610235,-30.161865
2016-02-10 12:14:00,-14.608913,-30.161705
2016-02-10 12:15:00,-14.607585,-30.161585
2016-02-10 12:16:00,-14.606257,-30.161447
2016-02-10 12:17:00,-14.604935,-30.161278
2016-02-10 12:18:00,-14.603608,-30.16115
2016-02-10 12:19:00,-14.602298,-30.160997
2016-02-10 12:20:00,-14.600983,-30.16087
2016-02-10 12:21:00,-14.599688,-30.160713
2016-02-10 12:22:00,-14.598387,-30.160558
2016-02-10 12:23:00,-14.597097,-30.160403
2016-02-10 12:24:00,-14.595813,-30.16023
2016-02-10 12:25:00,-14.594518,-30.160107
2016-02-10 12:26:00,-14.593227,-30.159983
2016-02-10 12:27:00,-14.591948,-30.159843
2016-02-10 12:28:00,-14.59068,-30.159685
2016-02-10 12:29:00,-14.589405,-30.159563
2016-02-10 12:30:00,-14.588115,-30.159388
2016-02-10 12:31:00,-14.586822,-30.15926
2016-02-10 12:32:00,-14.585548,-30.159082
2016-02-10 12:33:00,-14.584282,-30.158958
2016-02-10 12:34:00,-14.583023,-30.15885
2016-02-10 12:35:00,-14.581757,-30.158713
2016-02-10 12:36:00,-14.580492,-30.15858
2016-02-10 12:37:00,-14.579217,-30.158437
2016-02-10 12:38:00,-14.57796,-30.158258
2016-02-10 12:39:00,-14.576698,-30.158088
2016-02-10 12:40:00,-14.575435,-30.157948
2016-02-10 12:41:00,-14.574155,-30.157842
2016-02-10 12:42:00,-14.572843,-30.15772
2016-02-10 12:43:00,-14.571537,-30.157567
2016-02-10 12:44:00,-14.570252,-30.157387
2016-02-10 12:45:00,-14.568967,-30.157228
2016-02-10 12:46:00,-14.56766,-30.157108
2016-02-10 12:47:00,-14.56636,-30.156967
2016-02-10 12:48:00,-14.565067,-30.156857
2016-02-10 12:49:00,-14.563768,-30.156698
2016-02-10 12:50:00,-14.562447,-30.156572
2016-02-10 12:51:00,-14.561102,-30.156402
2016-02-10 12:52:00,-14.55975,-30.156265
2016-02-10 12:53:00,-14.5584,-30.156105
2016-02-10 12:54:00,-14.557053,-30.155977
2016-02-10 12:55:00,-14.555697,-30.155827
2016-02-10 12:56:00,-14.554322,-30.155692
2016-02-10 12:57:00,-14.552957,-30.155518
2016-02-10 12:58:00,-14.551597,-30.155333
2016-02-10 12:59:00,-14.550228,-30.155207
2016-02-10 13:00:00,-14.548845,-30.155077
2016-02-10 13:01:00,-14.547498,-30.154903
2016-02-10 13:02:00,-14.546145,-30.15473
2016-02-10 13:03:00,-14.544807,-30.15459
2016-02-10 13:04:00,-14.543442,-30.15445
2016-02-10 13:05:00,-14.542117,-30.154263
2016-02-10 13:06:00,-14.540768,-30.154108
2016-02-10 13:07:00,-14.539422,-30.153992
2016-02-10 13:08:00,-14.538068,-30.153863
2016-02-10 13:09:00,-14.53674,-30.153725
2016-02-10 13:10:00,-14.535408,-30.153558
2016-02-10 13:11:00,-14.534083,-30.153402
2016-02-10 13:12:00,-14.532747,-30.153263
2016-02-10 13:13:00,-14.531423,-30.153103
2016-02-10 13:14:00,-14.530073,-30.152943
2016-02-10 13:15:00,-14.528752,-30.1528
2016-02-10 13:16:00,-14.527412,-30.152638
2016-02-10 13:17:00,-14.526067,-30.152495
2016-02-10 13:18:00,-14.524727,-30.152332
2016-02-10 13:19:00,-14.523372,-30.152198
2016-02-10 13:20:00,-14.522025,-30.151998
2016-02-10 13:21:00,-14.520685,-30.151878
2016-02-10 13:22:00,-14.51937,-30.151772
2016-02-10 13:23:00,-14.51812,-30.151575
2016-02-10 13:24:00,-14.516878,-30.151418
2016-02-10 13:25:00,-14.51561,-30.151307
2016-02-10 13:26:00,-14.514327,-30.15119
2016-02-10 13:27:00,-14.513,-30.151047
2016-02-10 13:28:00,-14.51167,-30.150878
2016-02-10 13:29:00,-14.510338,-30.150712
2016-02-10 13:30:00,-14.509023,-30.150553
2016-02-10 13:31:00,-14.507698,-30.150405
2016-02-10 13:32:00,-14.506402,-30.150283
2016-02-10 13:33:00,-14.505098,-30.150113
2016-02-10 13:34:00,-14.503768,-30.14995
2016-02-10 13:35:00,-14.502432,-30.149818
2016-02-10 13:36:00,-14.501082,-30.149672
2016-02-10 13:37:00,-14.499732,-30.149553
2016-02-10 13:38:00,-14.498412,-30.149402
2016-02-10 13:39:00,-14.497133,-30.149265
2016-02-10 13:40:00,-14.495943,-30.149072
2016-02-10 13:41:00,-14.494742,-30.148935
2016-02-10 13:42:00,-14.49353,-30.148812
2016-02-10 13:43:00,-14.492283,-30.148673
2016-02-10 13:44:00,-14.491022,-30.148538
2016-02-10 13:45:00,-14.489735,-30.148398
2016-02-10 13:46:00,-14.488458,-30.148227
2016-02-10 13:47:00,-14.48716,-30.148055
2016-02-10 13:48:00,-14.485877,-30.147915
2016-02-10 13:49:00,-14.484568,-30.147793
2016-02-10 13:50:00,-14.483255,-30.147637
2016-02-10 13:51:00,-14.481938,-30.1475
2016-02-10 13:52:00,-14.480618,-30.147365
2016-02-10 13:53:00,-14.479295,-30.147247
2016-02-10 13:54:00,-14.478002,-30.147062
2016-02-10 13:55:00,-14.476718,-30.146925
2016-02-10 13:56:00,-14.47545,-30.146778
2016-02-10 13:57:00,-14.474175,-30.146638
2016-02-10 13:58:00,-14.472888,-30.146482
2016-02-10 13:59:00,-14.471617,-30.146323
2016-02-10 14:00:00,-14.47033,-30.146175
2016-02-10 14:01:00,-14.469028,-30.14606
2016-02-10 14:02:00,-14.467747,-30.145927
2016-02-10 14:03:00,-14.466458,-30.145775
2016-02-10 14:04:00,-14.465162,-30.14564
2016-02-10 14:05:00,-14.463873,-30.145463
2016-02-10 14:06:00,-14.462573,-30.145348
2016-02-10 14:07:00,-14.461248,-30.145208
2016-02-10 14:08:00,-14.459927,-30.145023
2016-02-10 14:09:00,-14.458607,-30.144888
2016-02-10 14:10:00,-14.45729,-30.144715
2016-02-10 14:11:00,-14.455958,-30.144578
2016-02-10 14:12:00,-14.454682,-30.14435
2016-02-10 14:13:00,-14.45338,-30.144255
2016-02-10 14:14:00,-14.45206,-30.144157
2016-02-10 14:15:00,-14.45074,-30.143973
2016-02-10 14:16:00,-14.449425,-30.14381
2016-02-10 14:17:00,-14.448088,-30.143655
2016-02-10 14:18:00,-14.446737,-30.14351
2016-02-10 14:19:00,-14.445383,-30.143347
2016-02-10 14:20:00,-14.444048,-30.143213
2016-02-10 14:21:00,-14.442737,-30.143082
2016-02-10 14:22:00,-14.441413,-30.142943
2016-02-10 14:23:00,-14.440127,-30.142797
2016-02-10 14:24:00,-14.438843,-30.142662
2016-02-10 14:25:00,-14.437535,-30.142493
2016-02-10 14:26:00,-14.436255,-30.14234
2016-02-10 14:27:00,-14.434953,-30.142228
2016-02-10 14:28:00,-14.433655,-30.142073
2016-02-10 14:29:00,-14.43235,-30.141945
2016-02-10 14:30:00,-14.431045,-30.141785
2016-02-10 14:31:00,-14.429732,-30.141608
2016-02-10 14:32:00,-14.428433,-30.141463
2016-02-10 14:33:00,-14.427125,-30.14134
2016-02-10 14:34:00,-14.425827,-30.14117
2016-02-10 14:35:00,-14.424517,-30.141027
2016-02-10 14:36:00,-14.423197,-30.140885
2016-02-10 14:37:00,-14.421863,-30.140738
2016-02-10 14:38:00,-14.420548,-30.14062
2016-02-10 14:39:00,-14.419213,-30.140463
2016-02-10 14:40:00,-14.41788,-30.140287
2016-02-10 14:41:00,-14.416582,-30.14015
2016-02-10 14:42:00,-14.415272,-30.139988
2016-02-10 14:43:00,-14.413932,-30.139865
2016-02-10 14:44:00,-14.4126,-30.139707
2016-02-10 14:45:00,-14.411255,-30.139552
2016-02-10 14:46:00,-14.409888,-30.139372
2016-02-10 14:47:00,-14.40852,-30.13922
2016-02-10 14:48:00,-14.40712,-30.13909
2016-02-10 14:49:00,-14.405715,-30.138918
2016-02-10 14:50:00,-14.404337,-30.13874
2016-02-10 14:51:00,-14.402978,-30.138607
2016-02-10 14:52:00,-14.401633,-30.13844
2016-02-10 14:53:00,-14.400302,-30.138273
2016-02-10 14:54:00,-14.398972,-30.138143
2016-02-10 14:55:00,-14.39764,-30.137988
2016-02-10 14:56:00,-14.39628,-30.137857
2016-02-10 14:57:00,-14.394925,-30.137682
2016-02-10 14:58:00,-14.393553,-30.137547
2016-02-10 14:59:00,-14.392223,-30.137355
2016-02-10 15:00:00,-14.39089,-30.137168
2016-02-10 15:01:00,-14.389522,-30.137067
2016-02-10 15:02:00,-14.388142,-30.136923
2016-02-10 15:03:00,-14.386758,-30.13677
2016-02-10 15:04:00,-14.385377,-30.1366
2016-02-10 15:05:00,-14.384035,-30.136457
2016-02-10 15:06:00,-14.382732,-30.136267
2016-02-10 15:07:00,-14.381423,-30.13613
2016-02-10 15:08:00,-14.380092,-30.135975
2016-02-10 15:09:00,-14.378765,-30.13583
2016-02-10 15:10:00,-14.377447,-30.135713
2016-02-10 15:11:00,-14.376123,-30.135572
2016-02-10 15:12:00,-14.374773,-30.135418
2016-02-10 15:13:00,-14.37344,-30.135217
2016-02-10 15:14:00,-14.372087,-30.135093
2016-02-10 15:15:00,-14.370747,-30.134935
2016-02-10 15:16:00,-14.369408,-30.134783
2016-02-10 15:17:00,-14.368082,-30.134602
2016-02-10 15:18:00,-14.366712,-30.134447
2016-02-10 15:19:00,-14.365375,-30.134305
2016-02-10 15:20:00,-14.36403,-30.134158
2016-02-10 15:21:00,-14.362702,-30.134005
2016-02-10 15:22:00,-14.361393,-30.133853
2016-02-10 15:23:00,-14.360057,-30.133702
2016-02-10 15:24:00,-14.358728,-30.133557
2016-02-10 15:25:00,-14.357397,-30.133408
2016-02-10 15:26:00,-14.356013,-30.13328
2016-02-10 15:27:00,-14.354627,-30.133135
2016-02-10 15:28:00,-14.353257,-30.132948
2016-02-10 15:29:00,-14.351887,-30.132773
2016-02-10 15:30:00,-14.350495,-30.132623
2016-02-10 15:31:00,-14.349088,-30.13247
2016-02-10 15:32:00,-14.34769,-30.132308
2016-02-10 15:33:00,-14.346302,-30.132118
2016-02-10 15:34:00,-14.344918,-30.131945
2016-02-10 15:35:00,-14.343522,-30.1318
2016-02-10 15:36:00,-14.342172,-30.131628
2016-02-10 15:37:00,-14.340795,-30.131472
2016-02-10 15:38:00,-14.339425,-30.131323
2016-02-10 15:39:00,-14.338008,-30.131158
2016-02-10 15:40:00,-14.336595,-30.131012
2016-02-10 15:41:00,-14.335205,-30.130865
2016-02-10 15:42:00,-14.333825,-30.130683
2016-02-10 15:43:00,-14.332475,-30.130452
2016-02-10 15:44:00,-14.331138,-30.130312
2016-02-10 15:45:00,-14.329787,-30.130208
2016-02-10 15:46:00,-14.328442,-30.130053
2016-02-10 15:47:00,-14.327082,-30.129915
2016-02-10 15:48:00,-14.325747,-30.129745
2016-02-10 15:49:00,-14.324428,-30.129567
2016-02-10 15:50:00,-14.323117,-30.129432
2016-02-10 15:51:00,-14.321743,-30.129282
2016-02-10 15:52:00,-14.320398,-30.129127
2016-02-10 15:53:00,-14.319018,-30.128955
2016-02-10 15:54:00,-14.317597,-30.128842
2016-02-10 15:55:00,-14.31622,-30.128638
2016-02-10 15:56:00,-14.314832,-30.128472
2016-02-10 15:57:00,-14.313448,-30.128302
2016-02-10 15:58:00,-14.31204,-30.128157
2016-02-10 15:59:00,-14.310632,-30.127985
2016-02-10 16:00:00,-14.309247,-30.127793
2016-02-10 16:01:00,-14.307878,-30.127603
2016-02-10 16:02:00,-14.306502,-30.127467
2016-02-10 16:03:00,-14.305132,-30.127375
2016-02-10 16:04:00,-14.303762,-30.12722
2016-02-10 16:05:00,-14.302383,-30.127008
2016-02-10 16:06:00,-14.300985,-30.126837
2016-02-10 16:07:00,-14.299597,-30.126693
2016-02-10 16:08:00,-14.298198,-30.126503
2016-02-10 16:09:00,-14.296798,-30.126362
2016-02-10 16:10:00,-14.295358,-30.126183
2016-02-10 16:11:00,-14.293915,-30.126037
2016-02-10 16:12:00,-14.292495,-30.125877
2016-02-10 16:13:00,-14.291077,-30.125702
2016-02-10 16:14:00,-14.289673,-30.125508
2016-02-10 16:15:00,-14.28823,-30.125383
2016-02-10 16:16:00,-14.286777,-30.125208
2016-02-10 16:17:00,-14.285313,-30.125072
2016-02-10 16:18:00,-14.283837,-30.124922
2016-02-10 16:19:00,-14.282405,-30.124693
2016-02-10 16:20:00,-14.280988,-30.124553
2016-02-10 16:21:00,-14.279532,-30.124382
2016-02-10 16:22:00,-14.278078,-30.124235
2016-02-10 16:23:00,-14.276623,-30.124087
2016-02-10 16:24:00,-14.275165,-30.123905
2016-02-10 16:25:00,-14.273723,-30.123698
2016-02-10 16:26:00,-14.272287,-30.123547
2016-02-10 16:27:00,-14.270855,-30.12346
2016-02-10 16:28:00,-14.269433,-30.123287
2016-02-10 16:29:00,-14.268,-30.123102
2016-02-10 16:30:00,-14.266557,-30.122937
2016-02-10 16:31:00,-14.265133,-30.122748
2016-02-10 16:32:00,-14.263743,-30.122577
2016-02-10 16:33:00,-14.262332,-30.122405
2016-02-10 16:34:00,-14.260912,-30.12226
2016-02-10 16:35:00,-14.259502,-30.122062
2016-02-10 16:36:00,-14.258063,-30.121933
2016-02-10 16:37:00,-14.256607,-30.121788
2016-02-10 16:38:00,-14.255175,-30.121622
2016-02-10 16:39:00,-14.253745,-30.121475
2016-02-10 16:40:00,-14.25232,-30.121278
2016-02-10 16:41:00,-14.250925,-30.121135
2016-02-10 16:42:00,-14.249522,-30.121008
2016-02-10 16:43:00,-14.248133,-30.12084
2016-02-10 16:44:00,-14.246757,-30.12066
2016-02-10 16:45:00,-14.245405,-30.12046
2016-02-10 16:46:00,-14.24403,-30.120317
2016-02-10 16:47:00,-14.242648,-30.12019
2016-02-10 16:48:00,-14.241265,-30.12002
2016-02-10 16:49:00,-14.239872,-30.119903
2016-02-10 16:50:00,-14.238455,-30.119745
2016-02-10 16:51:00,-14.237042,-30.1196
2016-02-10 16:52:00,-14.23564,-30.11941
2016-02-10 16:53:00,-14.234238,-30.119255
2016-02-10 16:54:00,-14.232832,-30.119082
2016-02-10 16:55:00,-14.23144,-30.11894
2016-02-10 16:56:00,-14.230038,-30.118773
2016-02-10 16:57:00,-14.228632,-30.118628
2016-02-10 16:58:00,-14.227225,-30.118448
2016-02-10 16:59:00,-14.225793,-30.118288
2016-02-10 17:00:00,-14.224363,-30.118117
2016-02-10 17:01:00,-14.222925,-30.11795
2016-02-10 17:02:00,-14.221495,-30.117815
2016-02-10 17:03:00,-14.220073,-30.117597
2016-02-10 17:04:00,-14.218625,-30.117473
2016-02-10 17:05:00,-14.217195,-30.117283
2016-02-10 17:06:00,-14.215795,-30.117085
2016-02-10 17:07:00,-14.214383,-30.116958
2016-02-10 17:08:00,-14.212943,-30.116798
2016-02-10 17:09:00,-14.211508,-30.11662
2016-02-10 17:10:00,-14.210073,-30.116478
2016-02-10 17:11:00,-14.208645,-30.116312
2016-02-10 17:12:00,-14.207228,-30.116158
2016-02-10 17:13:00,-14.205803,-30.115982
2016-02-10 17:14:00,-14.204385,-30.115805
2016-02-10 17:15:00,-14.202968,-30.115663
2016-02-10 17:16:00,-14.201555,-30.11548
2016-02-10 17:17:00,-14.200148,-30.115278
2016-02-10 17:18:00,-14.19875,-30.115125
2016-02-10 17:19:00,-14.197353,-30.115
2016-02-10 17:20:00,-14.195958,-30.11483
2016-02-10 17:21:00,-14.194602,-30.114678
2016-02-10 17:22:00,-14.193232,-30.114522
2016-02-10 17:23:00,-14.191875,-30.11437
2016-02-10 17:24:00,-14.190533,-30.114192
2016-02-10 17:25:00,-14.189167,-30.114077
2016-02-10 17:26:00,-14.187782,-30.113928
2016-02-10 17:27:00,-14.186388,-30.113783
2016-02-10 17:28:00,-14.185002,-30.113643
2016-02-10 17:29:00,-14.183627,-30.113445
2016-02-10 17:30:00,-14.182263,-30.113285
2016-02-10 17:31:00,-14.180888,-30.113148
2016-02-10 17:32:00,-14.17951,-30.113015
2016-02-10 17:33:00,-14.17812,-30.112845
2016-02-10 17:34:00,-14.176717,-30.112713
2016-02-10 17:35:00,-14.175332,-30.112533
2016-02-10 17:36:00,-14.173953,-30.11241
2016-02-10 17:37:00,-14.172583,-30.112225
2016-02-10 17:38:00,-14.171222,-30.112028
2016-02-10 17:39:00,-14.169797,-30.111927
2016-02-10 17:40:00,-14.168393,-30.111733
2016-02-10 17:41:00,-14.166978,-30.111585
2016-02-10 17:42:00,-14.165555,-30.111425
2016-02-10 17:43:00,-14.16412,-30.111252
2016-02-10 17:44:00,-14.162703,-30.11106
2016-02-10 17:45:00,-14.161275,-30.11093
2016-02-10 17:46:00,-14.159872,-30.11073
2016-02-10 17:47:00,-14.158475,-30.110588
2016-02-10 17:48:00,-14.157065,-30.110448
2016-02-10 17:49:00,-14.155665,-30.110292
2016-02-10 17:50:00,-14.154253,-30.110112
2016-02-10 17:51:00,-14.152842,-30.109935
2016-02-10 17:52:00,-14.151432,-30.109763
2016-02-10 17:53:00,-14.150017,-30.109617
2016-02-10 17:54:00,-14.148615,-30.10944
2016-02-10 17:55:00,-14.147207,-30.109312
2016-02-10 17:56:00,-14.145788,-30.109137
2016-02-10 17:57:00,-14.144377,-30.108983
2016-02-10 17:58:00,-14.142958,-30.108827
2016-02-10 17:59:00,-14.141552,-30.108667
2016-02-10 18:00:00,-14.140147,-30.108517
2016-02-10 18:01:00,-14.13875,-30.108328
2016-02-10 18:02:00,-14.137353,-30.108217
2016-02-10 18:03:00,-14.135973,-30.108053
2016-02-10 18:04:00,-14.13458,-30.107927
2016-02-10 18:05:00,-14.133198,-30.10779
2016-02-10 18:06:00,-14.131803,-30.10756
2016-02-10 18:07:00,-14.130383,-30.107373
2016-02-10 18:08:00,-14.128953,-30.107187
2016-02-10 18:09:00,-14.127518,-30.107048
2016-02-10 18:10:00,-14.126092,-30.106893
2016-02-10 18:11:00,-14.124675,-30.106712
2016-02-10 18:12:00,-14.123297,-30.106512
2016-02-10 18:13:00,-14.121918,-30.10632
2016-02-10 18:14:00,-14.120537,-30.106195
2016-02-10 18:15:00,-14.119157,-30.106052
2016-02-10 18:16:00,-14.117783,-30.105893
2016-02-10 18:17:00,-14.11642,-30.10573
2016-02-10 18:18:00,-14.115058,-30.105602
2016-02-10 18:19:00,-14.113683,-30.105435
2016-02-10 18:20:00,-14.112295,-30.105245
2016-02-10 18:21:00,-14.110917,-30.105073
2016-02-10 18:22:00,-14.109493,-30.104912
2016-02-10 18:23:00,-14.108085,-30.104752
2016-02-10 18:24:00,-14.106688,-30.104607
2016-02-10 18:25:00,-14.105273,-30.104457
2016-02-10 18:26:00,-14.103857,-30.104297
2016-02-10 18:27:00,-14.102442,-30.104123
2016-02-10 18:28:00,-14.101023,-30.103915
2016-02-10 18:29:00,-14.09958,-30.103753
2016-02-10 18:30:00,-14.098153,-30.103575
2016-02-10 18:31:00,-14.096738,-30.103433
2016-02-10 18:32:00,-14.095315,-30.103295
2016-02-10 18:33:00,-14.093897,-30.103147
2016-02-10 18:34:00,-14.092478,-30.102992
2016-02-10 18:35:00,-14.091063,-30.102802
2016-02-10 18:36:00,-14.089653,-30.102613
2016-02-10 18:37:00,-14.088235,-30.102432
2016-02-10 18:38:00,-14.0868,-30.102268
2016-02-10 18:39:00,-14.085362,-30.102103
2016-02-10 18:40:00,-14.083948,-30.101908
2016-02-10 18:41:00,-14.082565,-30.10176
2016-02-10 18:42:00,-14.08118,-30.101602
2016-02-10 18:43:00,-14.079787,-30.101462
2016-02-10 18:44:00,-14.078427,-30.101285
2016-02-10 18:45:00,-14.077065,-30.101133
2016-02-10 18:46:00,-14.075708,-30.100997
2016-02-10 18:47:00,-14.074328,-30.100822
2016-02-10 18:48:00,-14.072957,-30.100673
2016-02-10 18:49:00,-14.071585,-30.100525
2016-02-10 18:50:00,-14.070213,-30.100342
2016-02-10 18:51:00,-14.06884,-30.100213
2016-02-10 18:52:00,-14.067453,-30.100018
2016-02-10 18:53:00,-14.066062,-30.099842
2016-02-10 18:54:00,-14.064672,-30.099712
2016-02-10 18:55:00,-14.06327,-30.099572
2016-02-10 18:56:00,-14.061868,-30.099422
2016-02-10 18:57:00,-14.060452,-30.099232
2016-02-10 18:58:00,-14.059022,-30.099085
2016-02-10 18:59:00,-14.057597,-30.09889
2016-02-10 19:00:00,-14.056155,-30.098688
2016-02-10 19:01:00,-14.054728,-30.098543
2016-02-10 19:02:00,-14.05329,-30.098327
2016-02-10 19:03:00,-14.051837,-30.098188
2016-02-10 19:04:00,-14.05037,-30.09804
2016-02-10 19:05:00,-14.048903,-30.097877
2016-02-10 19:06:00,-14.047463,-30.097723
2016-02-10 19:07:00,-14.04603,-30.097577
2016-02-10 19:08:00,-14.04459,-30.097407
2016-02-10 19:09:00,-14.043137,-30.09724
2016-02-10 19:10:00,-14.04169,-30.09705
2016-02-10 19:11:00,-14.040245,-30.096878
2016-02-10 19:12:00,-14.038827,-30.096742
2016-02-10 19:13:00,-14.03743,-30.09656
2016-02-10 19:14:00,-14.036028,-30.096438
2016-02-10 19:15:00,-14.034623,-30.096267
2016-02-10 19:16:00,-14.033223,-30.096103
2016-02-10 19:17:00,-14.03183,-30.095933
2016-02-10 19:18:00,-14.03042,-30.095775
2016-02-10 19:19:00,-14.029028,-30.095627
2016-02-10 19:20:00,-14.027642,-30.095445
2016-02-10 19:21:00,-14.026268,-30.095277
2016-02-10 19:22:00,-14.024888,-30.09514
2016-02-10 19:23:00,-14.0235,-30.094957
2016-02-10 19:24:00,-14.02211,-30.094785
2016-02-10 19:25:00,-14.020708,-30.094658
2016-02-10 19:26:00,-14.019303,-30.094487
2016-02-10 19:27:00,-14.017922,-30.09433
2016-02-10 19:28:00,-14.016535,-30.094132
2016-02-10 19:29:00,-14.015147,-30.093953
2016-02-10 19:30:00,-14.013783,-30.093822
2016-02-10 19:31:00,-14.012415,-30.09366
2016-02-10 19:32:00,-14.011083,-30.093495
2016-02-10 19:33:00,-14.009722,-30.09335
2016-02-10 19:34:00,-14.008378,-30.093218
2016-02-10 19:35:00,-14.007017,-30.093093
2016-02-10 19:36:00,-14.00564,-30.092923
2016-02-10 19:37:00,-14.004287,-30.092713
2016-02-10 19:38:00,-14.002902,-30.09258
2016-02-10 19:39:00,-14.001535,-30.09244
2016-02-10 19:40:00,-14.000153,-30.09229
2016-02-10 19:41:00,-13.998788,-30.09213
2016-02-10 19:42:00,-13.99743,-30.091957
2016-02-10 19:43:00,-13.99607,-30.091778
2016-02-10 19:44:00,-13.994715,-30.091637
2016-02-10 19:45:00,-13.993367,-30.091462
2016-02-10 19:46:00,-13.992037,-30.091282
2016-02-10 19:47:00,-13.990692,-30.091108
2016-02-10 19:48:00,-13.989365,-30.090952
2016-02-10 19:49:00,-13.988033,-30.090775
2016-02-10 19:50:00,-13.986668,-30.090632
2016-02-10 19:51:00,-13.985283,-30.090472
2016-02-10 19:52:00,-13.983893,-30.090332
2016-02-10 19:53:00,-13.982523,-30.090158
2016-02-10 19:54:00,-13.98112,-30.090032
2016-02-10 19:55:00,-13.979725,-30.089837
2016-02-10 19:56:00,-13.978322,-30.089687
2016-02-10 19:57:00,-13.976893,-30.089518
2016-02-10 19:58:00,-13.975465,-30.089323
2016-02-10 19:59:00,-13.974022,-30.08913
2016-02-10 20:00:00,-13.97257,-30.088963
2016-02-10 20:01:00,-13.971127,-30.088812
2016-02-10 20:02:00,-13.969682,-30.08864
2016-02-10 20:03:00,-13.968262,-30.088498
2016-02-10 20:04:00,-13.966828,-30.088335
2016-02-10 20:05:00,-13.965377,-30.088152
2016-02-10 20:06:00,-13.963925,-30.087998
2016-02-10 20:07:00,-13.962458,-30.087812
2016-02-10 20:08:00,-13.96097,-30.087657
2016-02-10 20:09:00,-13.959502,-30.087475
2016-02-10 20:10:00,-13.958065,-30.087292
2016-02-10 20:11:00,-13.956647,-30.087172
2016-02-10 20:12:00,-13.955263,-30.08698
2016-02-10 20:13:00,-13.95389,-30.08683
2016-02-10 20:14:00,-13.95251,-30.086673
2016-02-10 20:15:00,-13.951138,-30.08652
2016-02-10 20:16:00,-13.949787,-30.086343
2016-02-10 20:17:00,-13.948412,-30.08624
2016-02-10 20:18:00,-13.947037,-30.086093
2016-02-10 20:19:00,-13.945667,-30.085933
2016-02-10 20:20:00,-13.944287,-30.08575
2016-02-10 20:21:00,-13.942908,-30.085633
2016-02-10 20:22:00,-13.941538,-30.085467
2016-02-10 20:23:00,-13.940155,-30.085293
2016-02-10 20:24:00,-13.938767,-30.085095
2016-02-10 20:25:00,-13.93737,-30.084938
2016-02-10 20:26:00,-13.935973,-30.084755
2016-02-10 20:27:00,-13.934592,-30.084622
2016-02-10 20:28:00,-13.933208,-30.084442
2016-02-10 20:29:00,-13.931845,-30.08427
2016-02-10 20:30:00,-13.930495,-30.084078
2016-02-10 20:31:00,-13.92914,-30.083957
2016-02-10 20:32:00,-13.927815,-30.083788
2016-02-10 20:33:00,-13.926435,-30.083658
2016-02-10 20:34:00,-13.92505,-30.08347
2016-02-10 20:35:00,-13.923653,-30.083325
2016-02-10 20:36:00,-13.922258,-30.083162
2016-02-10 20:37:00,-13.92086,-30.082987
2016-02-10 20:38:00,-13.919458,-30.08283
2016-02-10 20:39:00,-13.918045,-30.082628
2016-02-10 20:40:00,-13.916613,-30.082492
2016-02-10 20:41:00,-13.91518,-30.082305
2016-02-10 20:42:00,-13.913727,-30.082135
2016-02-10 20:43:00,-13.912295,-30.081943
2016-02-10 20:44:00,-13.910837,-30.0818
2016-02-10 20:45:00,-13.909388,-30.08165
2016-02-10 20:46:00,-13.90796,-30.081507
2016-02-10 20:47:00,-13.906543,-30.081313
2016-02-10 20:48:00,-13.905122,-30.08114
2016-02-10 20:49:00,-13.903703,-30.080973
2016-02-10 20:50:00,-13.90231,-30.080787
2016-02-10 20:51:00,-13.900933,-30.080623
2016-02-10 20:52:00,-13.899547,-30.080457
2016-02-10 20:53:00,-13.898152,-30.080322
2016-02-10 20:54:00,-13.89677,-30.080158
2016-02-10 20:55:00,-13.895363,-30.07998
2016-02-10 20:56:00,-13.893925,-30.079832
2016-02-10 20:57:00,-13.892512,-30.079657
2016-02-10 20:58:00,-13.891092,-30.079483
2016-02-10 20:59:00,-13.889662,-30.079312
2016-02-10 21:00:00,-13.888235,-30.079137
2016-02-10 21:01:00,-13.886825,-30.078955
2016-02-10 21:02:00,-13.885425,-30.078807
2016-02-10 21:03:00,-13.884035,-30.07864
2016-02-10 21:04:00,-13.882638,-30.078518
2016-02-10 21:05:00,-13.881245,-30.078332
2016-02-10 21:06:00,-13.879842,-30.07821
2016-02-10 21:07:00,-13.878438,-30.078008
2016-02-10 21:08:00,-13.877007,-30.077838
2016-02-10 21:09:00,-13.875575,-30.077688
2016-02-10 21:10:00,-13.874147,-30.077527
2016-02-10 21:11:00,-13.872713,-30.077345
2016-02-10 21:12:00,-13.871288,-30.077192
2016-02-10 21:13:00,-13.86987,-30.077015
2016-02-10 21:14:00,-13.868477,-30.076867
2016-02-10 21:15:00,-13.86709,-30.076695
2016-02-10 21:16:00,-13.865713,-30.076567
2016-02-10 21:17:00,-13.86437,-30.076377
2016-02-10 21:18:00,-13.863012,-30.076245
2016-02-10 21:19:00,-13.861648,-30.076082
2016-02-10 21:20:00,-13.860293,-30.075918
2016-02-10 21:21:00,-13.858935,-30.075755
2016-02-10 21:22:00,-13.857575,-30.075585
2016-02-10 21:23:00,-13.856222,-30.075423
2016-02-10 21:24:00,-13.854865,-30.075277
2016-02-10 21:25:00,-13.853523,-30.075073
2016-02-10 21:26:00,-13.852175,-30.074937
2016-02-10 21:27:00,-13.850845,-30.074788
2016-02-10 21:28:00,-13.84952,-30.07463
2016-02-10 21:29:00,-13.848197,-30.074495
2016-02-10 21:30:00,-13.846862,-30.074323
2016-02-10 21:31:00,-13.845512,-30.07419
2016-02-10 21:32:00,-13.844163,-30.07402
2016-02-10 21:33:00,-13.842818,-30.073863
2016-02-10 21:34:00,-13.841478,-30.073695
2016-02-10 21:35:00,-13.840142,-30.07355
2016-02-10 21:36:00,-13.838812,-30.073395
2016-02-10 21:37:00,-13.837465,-30.073265
2016-02-10 21:38:00,-13.836137,-30.073083
2016-02-10 21:39:00,-13.834787,-30.072908
2016-02-10 21:40:00,-13.83346,-30.072747
2016-02-10 21:41:00,-13.832122,-30.072607
2016-02-10 21:42:00,-13.830785,-30.072463
2016-02-10 21:43:00,-13.829453,-30.07226
2016-02-10 21:44:00,-13.828118,-30.072092
2016-02-10 21:45:00,-13.82677,-30.071917
2016-02-10 21:46:00,-13.825413,-30.07175
2016-02-10 21:47:00,-13.824082,-30.071603
2016-02-10 21:48:00,-13.822728,-30.07145
2016-02-10 21:49:00,-13.821377,-30.071298
2016-02-10 21:50:00,-13.820038,-30.071108
2016-02-10 21:51:00,-13.818688,-30.070967
2016-02-10 21:52:00,-13.817337,-30.0708
2016-02-10 21:53:00,-13.81599,-30.070667
2016-02-10 21:54:00,-13.81464,-30.070493
2016-02-10 21:55:00,-13.813305,-30.070297
2016-02-10 21:56:00,-13.81198,-30.070117
2016-02-10 21:57:00,-13.810655,-30.069987
2016-02-10 21:58:00,-13.809312,-30.069848
2016-02-10 21:59:00,-13.807962,-30.069712
2016-02-10 22:00:00,-13.8066,-30.069563
2016-02-10 22:01:00,-13.805262,-30.069408
2016-02-10 22:02:00,-13.80391,-30.069255
2016-02-10 22:03:00,-13.80256,-30.06906
2016-02-10 22:04:00,-13.801245,-30.0689
2016-02-10 22:05:00,-13.799907,-30.068768
2016-02-10 22:06:00,-13.798578,-30.068582
2016-02-10 22:07:00,-13.797253,-30.06844
2016-02-10 22:08:00,-13.795927,-30.068288
2016-02-10 22:09:00,-13.794605,-30.068127
2016-02-10 22:10:00,-13.79329,-30.067953
2016-02-10 22:11:00,-13.791988,-30.067765
2016-02-10 22:12:00,-13.790673,-30.067647
2016-02-10 22:13:00,-13.789388,-30.067468
2016-02-10 22:14:00,-13.788113,-30.067293
2016-02-10 22:15:00,-13.786803,-30.067148
2016-02-10 22:16:00,-13.785485,-30.066963
2016-02-10 22:17:00,-13.784157,-30.066812
2016-02-10 22:18:00,-13.782842,-30.066648
2016-02-10 22:19:00,-13.781517,-30.066515
2016-02-10 22:20:00,-13.780185,-30.066343
2016-02-10 22:21:00,-13.778853,-30.066207
2016-02-10 22:22:00,-13.7775,-30.066037
2016-02-10 22:23:00,-13.77616,-30.065892
2016-02-10 22:24:00,-13.774807,-30.065747
2016-02-10 22:25:00,-13.773447,-30.065587
2016-02-10 22:26:00,-13.772063,-30.065443
2016-02-10 22:27:00,-13.770685,-30.065288
2016-02-10 22:28:00,-13.769302,-30.065153
2016-02-10 22:29:00,-13.767923,-30.064988
2016-02-10 22:30:00,-13.766557,-30.064828
2016-02-10 22:31:00,-13.765172,-30.064697
2016-02-10 22:32:00,-13.76379,-30.064502
2016-02-10 22:33:00,-13.76241,-30.064305
2016-02-10 22:34:00,-13.76101,-30.064147
2016-02-10 22:35:00,-13.759633,-30.06397
2016-02-10 22:36:00,-13.758218,-30.063852
2016-02-10 22:37:00,-13.756803,-30.063662
2016-02-10 22:38:00,-13.755383,-30.063517
2016-02-10 22:39:00,-13.75401,-30.063342
2016-02-10 22:40:00,-13.75262,-30.063205
2016-02-10 22:41:00,-13.751248,-30.063012
2016-02-10 22:42:00,-13.749897,-30.062873
2016-02-10 22:43:00,-13.748533,-30.062735
2016-02-10 22:44:00,-13.747175,-30.062533
2016-02-10 22:45:00,-13.745782,-30.062377
2016-02-10 22:46:00,-13.744375,-30.06222
2016-02-10 22:47:00,-13.742998,-30.062067
2016-02-10 22:48:00,-13.741608,-30.06188
2016-02-10 22:49:00,-13.740213,-30.061717
2016-02-10 22:50:00,-13.738828,-30.06156
2016-02-10 22:51:00,-13.737438,-30.061425
2016-02-10 22:52:00,-13.736068,-30.06127
2016-02-10 22:53:00,-13.734688,-30.061085
2016-02-10 22:54:00,-13.733315,-30.060918
2016-02-10 22:55:00,-13.731927,-30.060753
2016-02-10 22:56:00,-13.730513,-30.060595
2016-02-10 22:57:00,-13.729095,-30.060433
2016-02-10 22:58:00,-13.727668,-30.06026
2016-02-10 22:59:00,-13.72624,-30.060075
2016-02-10 23:00:00,-13.7248,-30.059907
2016-02-10 23:01:00,-13.72335,-30.059717
2016-02-10 23:02:00,-13.721917,-30.059542
2016-02-10 23:03:00,-13.720475,-30.059392
2016-02-10 23:04:00,-13.719033,-30.059217
2016-02-10 23:05:00,-13.717605,-30.059037
2016-02-10 23:06:00,-13.716163,-30.058875
2016-02-10 23:07:00,-13.714723,-30.058685
2016-02-10 23:08:00,-13.713293,-30.05855
2016-02-10 23:09:00,-13.71187,-30.058378
2016-02-10 23:10:00,-13.710467,-30.058217
2016-02-10 23:11:00,-13.709063,-30.058028
2016-02-10 23:12:00,-13.707643,-30.057857
2016-02-10 23:13:00,-13.706202,-30.057717
2016-02-10 23:14:00,-13.704778,-30.057562
2016-02-10 23:15:00,-13.703378,-30.05737
2016-02-10 23:16:00,-13.70197,-30.057242
2016-02-10 23:17:00,-13.700577,-30.057063
2016-02-10 23:18:00,-13.699187,-30.056887
2016-02-10 23:19:00,-13.697773,-30.056727
2016-02-10 23:20:00,-13.696347,-30.056523
2016-02-10 23:21:00,-13.694935,-30.05638
2016-02-10 23:22:00,-13.693523,-30.056223
2016-02-10 23:23:00,-13.692107,-30.056038
2016-02-10 23:24:00,-13.690702,-30.055895
2016-02-10 23:25:00,-13.689307,-30.055692
2016-02-10 23:26:00,-13.687903,-30.055552
2016-02-10 23:27:00,-13.686512,-30.055382
2016-02-10 23:28:00,-13.685107,-30.055227
2016-02-10 23:29:00,-13.683712,-30.055037
2016-02-10 23:30:00,-13.682323,-30.054878
2016-02-10 23:31:00,-13.680913,-30.054703
2016-02-10 23:32:00,-13.679492,-30.054553
2016-02-10 23:33:00,-13.678087,-30.05441
2016-02-10 23:34:00,-13.676683,-30.05424
2016-02-10 23:35:00,-13.675282,-30.054063
2016-02-10 23:36:00,-13.67387,-30.05386
2016-02-10 23:37:00,-13.672438,-30.053705
2016-02-10 23:38:00,-13.670992,-30.053568
2016-02-10 23:39:00,-13.669552,-30.0534
2016-02-10 23:40:00,-13.668105,-30.053217
2016-02-10 23:41:00,-13.666657,-30.053055
2016-02-10 23:42:00,-13.665218,-30.052873
2016-02-10 23:43:00,-13.663768,-30.052715
2016-02-10 23:44:00,-13.662332,-30.052527
2016-02-10 23:45:00,-13.6609,-30.052363
2016-02-10 23:46:00,-13.659508,-30.052178
2016-02-10 23:47:00,-13.658077,-30.052043
2016-02-10 23:48:00,-13.656653,-30.051853
2016-02-10 23:49:00,-13.655265,-30.051658
2016-02-10 23:50:00,-13.653858,-30.051482
2016-02-10 23:51:00,-13.652437,-30.051315
2016-02-10 23:52:00,-13.650993,-30.051155
2016-02-10 23:53:00,-13.649552,-30.050985
2016-02-10 23:54:00,-13.64811,-30.050802
2016-02-10 23:55:00,-13.64667,-30.050642
2016-02-10 23:56:00,-13.645258,-30.05047
2016-02-10 23:57:00,-13.643817,-30.050328
2016-02-10 23:58:00,-13.64238,-30.05014
2016-02-10 23:59:00,-13.640952,-30.049965
2016-02-11 00:00:00,-13.639542,-30.04981
2016-02-11 00:01:00,-13.638117,-30.049653
2016-02-11 00:02:00,-13.636692,-30.04946
2016-02-11 00:03:00,-13.635237,-30.049292
2016-02-11 00:04:00,-13.63381,-30.049102
2016-02-11 00:05:00,-13.632387,-30.048953
2016-02-11 00:06:00,-13.631,-30.048758
2016-02-11 00:07:00,-13.629607,-30.048587
2016-02-11 00:08:00,-13.628205,-30.048427
2016-02-11 00:09:00,-13.626807,-30.048277
2016-02-11 00:10:00,-13.625382,-30.048113
2016-02-11 00:11:00,-13.623977,-30.047937
2016-02-11 00:12:00,-13.622593,-30.047773
2016-02-11 00:13:00,-13.62122,-30.047605
2016-02-11 00:14:00,-13.619833,-30.047438
2016-02-11 00:15:00,-13.618442,-30.04729
2016-02-11 00:16:00,-13.617052,-30.047123
2016-02-11 00:17:00,-13.615637,-30.046978
2016-02-11 00:18:00,-13.614233,-30.046812
2016-02-11 00:19:00,-13.612822,-30.046627
2016-02-11 00:20:00,-13.611422,-30.046457
2016-02-11 00:21:00,-13.610032,-30.046275
2016-02-11 00:22:00,-13.608628,-30.046117
2016-02-11 00:23:00,-13.607235,-30.045913
2016-02-11 00:24:00,-13.60584,-30.04577
2016-02-11 00:25:00,-13.604462,-30.04565
2016-02-11 00:26:00,-13.603075,-30.045442
2016-02-11 00:27:00,-13.601652,-30.045292
2016-02-11 00:28:00,-13.600247,-30.045098
2016-02-11 00:29:00,-13.598838,-30.044953
2016-02-11 00:30:00,-13.59743,-30.044803
2016-02-11 00:31:00,-13.59602,-30.044653
2016-02-11 00:32:00,-13.594612,-30.044493
2016-02-11 00:33:00,-13.593205,-30.04427
2016-02-11 00:34:00,-13.591792,-30.044072
2016-02-11 00:35:00,-13.590372,-30.04393
2016-02-11 00:36:00,-13.588957,-30.043758
2016-02-11 00:37:00,-13.587502,-30.043617
2016-02-11 00:38:00,-13.586097,-30.043418
2016-02-11 00:39:00,-13.584685,-30.043252
2016-02-11 00:40:00,-13.583267,-30.043068
2016-02-11 00:41:00,-13.581813,-30.04289
2016-02-11 00:42:00,-13.580353,-30.042678
2016-02-11 00:43:00,-13.578898,-30.04254
2016-02-11 00:44:00,-13.577477,-30.042333
2016-02-11 00:45:00,-13.576065,-30.042145
2016-02-11 00:46:00,-13.574682,-30.041983
2016-02-11 00:47:00,-13.573258,-30.04184
2016-02-11 00:48:00,-13.571782,-30.041697
2016-02-11 00:49:00,-13.570325,-30.04149
2016-02-11 00:50:00,-13.568857,-30.0413
2016-02-11 00:51:00,-13.567395,-30.041108
2016-02-11 00:52:00,-13.565978,-30.040945
2016-02-11 00:53:00,-13.564568,-30.04077
2016-02-11 00:54:00,-13.563172,-30.040577
2016-02-11 00:55:00,-13.561785,-30.040392
2016-02-11 00:56:00,-13.5604,-30.04021
2016-02-11 00:57:00,-13.559012,-30.04005
2016-02-11 00:58:00,-13.557617,-30.039887
2016-02-11 00:59:00,-13.556212,-30.039745
2016-02-11 01:00:00,-13.55482,-30.039573
2016-02-11 01:01:00,-13.55349,-30.03941
2016-02-11 01:02:00,-13.552157,-30.039242
2016-02-11 01:03:00,-13.550803,-30.039102
2016-02-11 01:04:00,-13.549415,-30.038942
2016-02-11 01:05:00,-13.548037,-30.038768
2016-02-11 01:06:00,-13.546652,-30.03861
2016-02-11 01:07:00,-13.545273,-30.038408
2016-02-11 01:08:00,-13.543843,-30.038242
2016-02-11 01:09:00,-13.542417,-30.038122
2016-02-11 01:10:00,-13.540998,-30.037928
2016-02-11 01:11:00,-13.53955,-30.037767
2016-02-11 01:12:00,-13.538135,-30.037597
2016-02-11 01:13:00,-13.536717,-30.037412
2016-02-11 01:14:00,-13.535322,-30.037235
2016-02-11 01:15:00,-13.533923,-30.037063
2016-02-11 01:16:00,-13.532542,-30.036897
2016-02-11 01:17:00,-13.531192,-30.036715
2016-02-11 01:18:00,-13.529815,-30.036572
2016-02-11 01:19:00,-13.52841,-30.036397
2016-02-11 01:20:00,-13.526982,-30.03623
2016-02-11 01:21:00,-13.525558,-30.036063
2016-02-11 01:22:00,-13.52413,-30.035872
2016-02-11 01:23:00,-13.522723,-30.035732
2016-02-11 01:24:00,-13.521322,-30.035562
2016-02-11 01:25:00,-13.519923,-30.035378
2016-02-11 01:26:00,-13.518502,-30.035202
2016-02-11 01:27:00,-13.517095,-30.035015
2016-02-11 01:28:00,-13.515687,-30.034825
2016-02-11 01:29:00,-13.5143,-30.034662
2016-02-11 01:30:00,-13.51294,-30.034512
2016-02-11 01:31:00,-13.5115,-30.034328
2016-02-11 01:32:00,-13.510055,-30.03414
2016-02-11 01:33:00,-13.508592,-30.033972
2016-02-11 01:34:00,-13.50715,-30.033765
2016-02-11 01:35:00,-13.505712,-30.033628
2016-02-11 01:36:00,-13.50429,-30.033412
2016-02-11 01:37:00,-13.502845,-30.03324
2016-02-11 01:38:00,-13.501415,-30.033095
2016-02-11 01:39:00,-13.499975,-30.03289
2016-02-11 01:40:00,-13.49856,-30.032705
2016-02-11 01:41:00,-13.497133,-30.03255
2016-02-11 01:42:00,-13.49568,-30.032372
2016-02-11 01:43:00,-13.494227,-30.032215
2016-02-11 01:44:00,-13.492765,-30.032058
2016-02-11 01:45:00,-13.491332,-30.031887
2016-02-11 01:46:00,-13.489868,-30.031663
2016-02-11 01:47:00,-13.488418,-30.031528
2016-02-11 01:48:00,-13.486965,-30.031363
2016-02-11 01:49:00,-13.485527,-30.031182
2016-02-11 01:50:00,-13.484063,-30.030983
2016-02-11 01:51:00,-13.482605,-30.030812
2016-02-11 01:52:00,-13.481167,-30.03065
2016-02-11 01:53:00,-13.47975,-30.030468
2016-02-11 01:54:00,-13.478317,-30.030287
2016-02-11 01:55:00,-13.4769,-30.030105
2016-02-11 01:56:00,-13.475488,-30.029895
2016-02-11 01:57:00,-13.474058,-30.029755
2016-02-11 01:58:00,-13.472675,-30.02963
2016-02-11 01:59:00,-13.471267,-30.029483
2016-02-11 02:00:00,-13.46985,-30.029288
2016-02-11 02:01:00,-13.46848,-30.029083
2016-02-11 02:02:00,-13.467077,-30.028923
2016-02-11 02:03:00,-13.465645,-30.028772
2016-02-11 02:04:00,-13.46423,-30.028583
2016-02-11 02:05:00,-13.462828,-30.028438
2016-02-11 02:06:00,-13.461422,-30.028257
2016-02-11 02:07:00,-13.460005,-30.028115
2016-02-11 02:08:00,-13.458602,-30.027953
2016-02-11 02:09:00,-13.457212,-30.027785
2016-02-11 02:10:00,-13.455823,-30.027572
2016-02-11 02:11:00,-13.454462,-30.027418
2016-02-11 02:12:00,-13.453075,-30.02727
2016-02-11 02:13:00,-13.451673,-30.027127
2016-02-11 02:14:00,-13.450243,-30.026952
2016-02-11 02:15:00,-13.448835,-30.026733
2016-02-11 02:16:00,-13.447472,-30.026592
2016-02-11 02:17:00,-13.446097,-30.026442
2016-02-11 02:18:00,-13.444688,-30.026298
2016-02-11 02:19:00,-13.443287,-30.026133
2016-02-11 02:20:00,-13.441847,-30.02594
2016-02-11 02:21:00,-13.440415,-30.025755
2016-02-11 02:22:00,-13.439003,-30.025617
2016-02-11 02:23:00,-13.437628,-30.025463
2016-02-11 02:24:00,-13.436247,-30.025313
2016-02-11 02:25:00,-13.434857,-30.02516
2016-02-11 02:26:00,-13.43347,-30.02494
2016-02-11 02:27:00,-13.432068,-30.024763
2016-02-11 02:28:00,-13.430708,-30.024648
2016-02-11 02:29:00,-13.429325,-30.02446
2016-02-11 02:30:00,-13.4279,-30.024253
2016-02-11 02:31:00,-13.426488,-30.024105
2016-02-11 02:32:00,-13.425048,-30.023942
2016-02-11 02:33:00,-13.423605,-30.023753
2016-02-11 02:34:00,-13.422175,-30.02359
2016-02-11 02:35:00,-13.420752,-30.023402
2016-02-11 02:36:00,-13.419312,-30.023222
2016-02-11 02:37:00,-13.417888,-30.023072
2016-02-11 02:38:00,-13.416467,-30.022905
2016-02-11 02:39:00,-13.415018,-30.022743
2016-02-11 02:40:00,-13.41359,-30.02257
2016-02-11 02:41:00,-13.412157,-30.02239
2016-02-11 02:42:00,-13.41071,-30.022215
2016-02-11 02:43:00,-13.409275,-30.022055
2016-02-11 02:44:00,-13.407883,-30.021883
2016-02-11 02:45:00,-13.406453,-30.021652
2016-02-11 02:46:00,-13.404998,-30.02149
2016-02-11 02:47:00,-13.403593,-30.021302
2016-02-11 02:48:00,-13.402172,-30.021153
2016-02-11 02:49:00,-13.400728,-30.020982
2016-02-11 02:50:00,-13.399278,-30.020798
2016-02-11 02:51:00,-13.39784,-30.020632
2016-02-11 02:52:00,-13.396413,-30.020467
2016-02-11 02:53:00,-13.39497,-30.020263
2016-02-11 02:54:00,-13.393513,-30.02007
2016-02-11 02:55:00,-13.392062,-30.019933
2016-02-11 02:56:00,-13.390598,-30.019743
2016-02-11 02:57:00,-13.389108,-30.019588
2016-02-11 02:58:00,-13.387648,-30.0194
2016-02-11 02:59:00,-13.386212,-30.019233
2016-02-11 03:00:00,-13.38478,-30.019042
2016-02-11 03:01:00,-13.383332,-30.018827
2016-02-11 03:02:00,-13.381865,-30.018672
2016-02-11 03:03:00,-13.380443,-30.0185
2016-02-11 03:04:00,-13.379008,-30.018337
2016-02-11 03:05:00,-13.377577,-30.018168
2016-02-11 03:06:00,-13.376145,-30.017977
2016-02-11 03:07:00,-13.37474,-30.017793
2016-02-11 03:08:00,-13.373303,-30.017613
2016-02-11 03:09:00,-13.371875,-30.0175
2016-02-11 03:10:00,-13.370445,-30.017305
2016-02-11 03:11:00,-13.368995,-30.017118
2016-02-11 03:12:00,-13.367543,-30.016933
2016-02-11 03:13:00,-13.36611,-30.016782
2016-02-11 03:14:00,-13.36468,-30.016593
2016-02-11 03:15:00,-13.36327,-30.016375
2016-02-11 03:16:00,-13.361857,-30.0162
2016-02-11 03:17:00,-13.360432,-30.016052
2016-02-11 03:18:00,-13.35898,-30.015885
2016-02-11 03:19:00,-13.35755,-30.015682
2016-02-11 03:20:00,-13.356085,-30.015485
2016-02-11 03:21:00,-13.354663,-30.015327
2016-02-11 03:22:00,-13.353243,-30.015147
2016-02-11 03:23:00,-13.351808,-30.01496
2016-02-11 03:24:00,-13.350353,-30.01481
2016-02-11 03:25:00,-13.348892,-30.014637
2016-02-11 03:26:00,-13.347473,-30.014482
2016-02-11 03:27:00,-13.346048,-30.01434
2016-02-11 03:28:00,-13.344612,-30.014152
2016-02-11 03:29:00,-13.343217,-30.013925
2016-02-11 03:30:00,-13.341777,-30.013727
2016-02-11 03:31:00,-13.34031,-30.013562
2016-02-11 03:32:00,-13.338872,-30.013397
2016-02-11 03:33:00,-13.337462,-30.013233
2016-02-11 03:34:00,-13.336082,-30.013058
2016-02-11 03:35:00,-13.334685,-30.012908
2016-02-11 03:36:00,-13.33327,-30.012732
2016-02-11 03:37:00,-13.331903,-30.012558
2016-02-11 03:38:00,-13.330523,-30.012388
2016-02-11 03:39:00,-13.329142,-30.012235
2016-02-11 03:40:00,-13.32774,-30.012092
2016-02-11 03:41:00,-13.326365,-30.011915
2016-02-11 03:42:00,-13.325002,-30.011712
2016-02-11 03:43:00,-13.323608,-30.01155
2016-02-11 03:44:00,-13.322227,-30.011383
2016-02-11 03:45:00,-13.320843,-30.011222
2016-02-11 03:46:00,-13.319468,-30.01106
2016-02-11 03:47:00,-13.318098,-30.01087
2016-02-11 03:48:00,-13.316733,-30.010697
2016-02-11 03:49:00,-13.315365,-30.010542
2016-02-11 03:50:00,-13.313995,-30.010385
2016-02-11 03:51:00,-13.312622,-30.010205
2016-02-11 03:52:00,-13.311247,-30.010038
2016-02-11 03:53:00,-13.309885,-30.009863
2016-02-11 03:54:00,-13.308545,-30.009738
2016-02-11 03:55:00,-13.307187,-30.009563
2016-02-11 03:56:00,-13.305817,-30.009382
2016-02-11 03:57:00,-13.304463,-30.009235
2016-02-11 03:58:00,-13.303098,-30.009052
2016-02-11 03:59:00,-13.301688,-30.00889
2016-02-11 04:00:00,-13.300293,-30.008695
2016-02-11 04:01:00,-13.298875,-30.008512
2016-02-11 04:02:00,-13.297448,-30.008327
2016-02-11 04:03:00,-13.295987,-30.008173
2016-02-11 04:04:00,-13.294542,-30.007997
2016-02-11 04:05:00,-13.29309,-30.007817
2016-02-11 04:06:00,-13.29165,-30.007657
2016-02-11 04:07:00,-13.290222,-30.007488
2016-02-11 04:08:00,-13.288773,-30.007295
2016-02-11 04:09:00,-13.287327,-30.007098
2016-02-11 04:10:00,-13.285883,-30.006925
2016-02-11 04:11:00,-13.284443,-30.006792
2016-02-11 04:12:00,-13.283032,-30.006597
2016-02-11 04:13:00,-13.281647,-30.006447
2016-02-11 04:14:00,-13.280217,-30.006235
2016-02-11 04:15:00,-13.278807,-30.006062
2016-02-11 04:16:00,-13.27739,-30.005915
2016-02-11 04:17:00,-13.275978,-30.00572
2016-02-11 04:18:00,-13.27452,-30.005563
2016-02-11 04:19:00,-13.273087,-30.005342
2016-02-11 04:20:00,-13.271633,-30.005198
2016-02-11 04:21:00,-13.270208,-30.004998
2016-02-11 04:22:00,-13.268788,-30.004807
2016-02-11 04:23:00,-13.267388,-30.004643
2016-02-11 04:24:00,-13.265982,-30.004512
2016-02-11 04:25:00,-13.264572,-30.004323
2016-02-11 04:26:00,-13.26319,-30.004118
2016-02-11 04:27:00,-13.261837,-30.003925
2016-02-11 04:28:00,-13.2605,-30.003793
2016-02-11 04:29:00,-13.259153,-30.003642
2016-02-11 04:30:00,-13.257793,-30.003478
2016-02-11 04:31:00,-13.256432,-30.003312
2016-02-11 04:32:00,-13.25509,-30.003138
2016-02-11 04:33:00,-13.253733,-30.002998
2016-02-11 04:34:00,-13.25238,-30.002825
2016-02-11 04:35:00,-13.251027,-30.002665
2016-02-11 04:36:00,-13.249683,-30.002508
2016-02-11 04:37:00,-13.248305,-30.002365
2016-02-11 04:38:00,-13.246887,-30.002188
2016-02-11 04:39:00,-13.2455,-30.002007
2016-02-11 04:40:00,-13.244098,-30.001843
2016-02-11 04:41:00,-13.242695,-30.001667
2016-02-11 04:42:00,-13.24134,-30.001522
2016-02-11 04:43:00,-13.239972,-30.001345
2016-02-11 04:44:00,-13.238598,-30.00117
2016-02-11 04:45:00,-13.237217,-30.000975
2016-02-11 04:46:00,-13.235863,-30.000822
2016-02-11 04:47:00,-13.234532,-30.000652
2016-02-11 04:48:00,-13.233165,-30.000447
2016-02-11 04:49:00,-13.231763,-30.000292
2016-02-11 04:50:00,-13.230397,-30.000108
2016-02-11 04:51:00,-13.22905,-29.999953
2016-02-11 04:52:00,-13.227707,-29.99982
2016-02-11 04:53:00,-13.226308,-29.99968
2016-02-11 04:54:00,-13.22489,-29.999458
2016-02-11 04:55:00,-13.223495,-29.99931
2016-02-11 04:56:00,-13.222095,-29.999127
2016-02-11 04:57:00,-13.220707,-29.998947
2016-02-11 04:58:00,-13.219333,-29.998725
2016-02-11 04:59:00,-13.217967,-29.998545
2016-02-11 05:00:00,-13.216583,-29.998413
2016-02-11 05:01:00,-13.2152,-29.998268
2016-02-11 05:02:00,-13.213798,-29.998125
2016-02-11 05:03:00,-13.212403,-29.997968
2016-02-11 05:04:00,-13.210998,-29.997753
2016-02-11 05:05:00,-13.209565,-29.99757
2016-02-11 05:06:00,-13.208162,-29.997383
2016-02-11 05:07:00,-13.206782,-29.997227
2016-02-11 05:08:00,-13.205397,-29.997048
2016-02-11 05:09:00,-13.204015,-29.996907
2016-02-11 05:10:00,-13.202638,-29.996768
2016-02-11 05:11:00,-13.20127,-29.9966
2016-02-11 05:12:00,-13.199912,-29.996413
2016-02-11 05:13:00,-13.198582,-29.996218
2016-02-11 05:14:00,-13.197223,-29.99606
2016-02-11 05:15:00,-13.195878,-29.995895
2016-02-11 05:16:00,-13.194547,-29.995775
2016-02-11 05:17:00,-13.193207,-29.995627
2016-02-11 05:18:00,-13.191855,-29.995432
2016-02-11 05:19:00,-13.190498,-29.995263
2016-02-11 05:20:00,-13.189153,-29.995062
2016-02-11 05:21:00,-13.18777,-29.994893
2016-02-11 05:22:00,-13.18637,-29.994742
2016-02-11 05:23:00,-13.184972,-29.994585
2016-02-11 05:24:00,-13.18357,-29.994422
2016-02-11 05:25:00,-13.182167,-29.994248
2016-02-11 05:26:00,-13.180807,-29.994105
2016-02-11 05:27:00,-13.179433,-29.993952
2016-02-11 05:28:00,-13.178032,-29.993775
2016-02-11 05:29:00,-13.176632,-29.993582
2016-02-11 05:30:00,-13.175228,-29.993392
2016-02-11 05:31:00,-13.17384,-29.993193
2016-02-11 05:32:00,-13.172473,-29.993035
2016-02-11 05:33:00,-13.171102,-29.99287
2016-02-11 05:34:00,-13.169757,-29.992727
2016-02-11 05:35:00,-13.168373,-29.992537
2016-02-11 05:36:00,-13.166993,-29.992365
2016-02-11 05:37:00,-13.165608,-29.992185
2016-02-11 05:38:00,-13.164207,-29.992033
2016-02-11 05:39:00,-13.162822,-29.991858
2016-02-11 05:40:00,-13.161423,-29.991655
2016-02-11 05:41:00,-13.160045,-29.99146
2016-02-11 05:42:00,-13.15866,-29.991318
2016-02-11 05:43:00,-13.15728,-29.99118
2016-02-11 05:44:00,-13.155908,-29.990998
2016-02-11 05:45:00,-13.15453,-29.99082
2016-02-11 05:46:00,-13.153152,-29.990637
2016-02-11 05:47:00,-13.15177,-29.990477
2016-02-11 05:48:00,-13.150373,-29.9903
2016-02-11 05:49:00,-13.148973,-29.990167
2016-02-11 05:50:00,-13.14757,-29.989993
2016-02-11 05:51:00,-13.146167,-29.989797
2016-02-11 05:52:00,-13.144803,-29.98964
2016-02-11 05:53:00,-13.143467,-29.989498
2016-02-11 05:54:00,-13.14212,-29.989343
2016-02-11 05:55:00,-13.140752,-29.989173
2016-02-11 05:56:00,-13.1394,-29.98903
2016-02-11 05:57:00,-13.138082,-29.988857
2016-02-11 05:58:00,-13.136788,-29.988698
2016-02-11 05:59:00,-13.13546,-29.988515
2016-02-11 06:00:00,-13.134117,-29.988343
2016-02-11 06:01:00,-13.132803,-29.988207
2016-02-11 06:02:00,-13.131478,-29.988035
2016-02-11 06:03:00,-13.130122,-29.987877
2016-02-11 06:04:00,-13.128775,-29.987727
2016-02-11 06:05:00,-13.12744,-29.987543
2016-02-11 06:06:00,-13.126073,-29.987345
2016-02-11 06:07:00,-13.124728,-29.987208
2016-02-11 06:08:00,-13.123412,-29.987055
2016-02-11 06:09:00,-13.12207,-29.986867
2016-02-11 06:10:00,-13.120705,-29.986717
2016-02-11 06:11:00,-13.119335,-29.986562
2016-02-11 06:12:00,-13.117975,-29.986377
2016-02-11 06:13:00,-13.11661,-29.9862
2016-02-11 06:14:00,-13.11527,-29.986045
2016-02-11 06:15:00,-13.11395,-29.98589
2016-02-11 06:16:00,-13.112583,-29.985737
2016-02-11 06:17:00,-13.111222,-29.985553
2016-02-11 06:18:00,-13.109843,-29.985388
2016-02-11 06:19:00,-13.108453,-29.985195
2016-02-11 06:20:00,-13.107065,-29.985037
2016-02-11 06:21:00,-13.105715,-29.984838
2016-02-11 06:22:00,-13.10436,-29.984678
2016-02-11 06:23:00,-13.103027,-29.984515
2016-02-11 06:24:00,-13.101667,-29.984338
2016-02-11 06:25:00,-13.10032,-29.984168
2016-02-11 06:26:00,-13.098978,-29.984012
2016-02-11 06:27:00,-13.097622,-29.983855
2016-02-11 06:28:00,-13.096268,-29.98367
2016-02-11 06:29:00,-13.094903,-29.983502
2016-02-11 06:30:00,-13.093547,-29.98333
2016-02-11 06:31:00,-13.092173,-29.983155
2016-02-11 06:32:00,-13.090817,-29.982987
2016-02-11 06:33:00,-13.089472,-29.98283
2016-02-11 06:34:00,-13.088135,-29.98266
2016-02-11 06:35:00,-13.086787,-29.982493
2016-02-11 06:36:00,-13.085423,-29.982342
2016-02-11 06:37:00,-13.084058,-29.982182
2016-02-11 06:38:00,-13.0827,-29.982022
2016-02-11 06:39:00,-13.081342,-29.981828
2016-02-11 06:40:00,-13.079982,-29.981645
2016-02-11 06:41:00,-13.078635,-29.981492
2016-02-11 06:42:00,-13.077325,-29.981302
2016-02-11 06:43:00,-13.076,-29.981095
2016-02-11 06:44:00,-13.074655,-29.980953
2016-02-11 06:45:00,-13.073297,-29.980797
2016-02-11 06:46:00,-13.071918,-29.980662
2016-02-11 06:47:00,-13.070562,-29.980468
2016-02-11 06:48:00,-13.069208,-29.980318
2016-02-11 06:49:00,-13.067888,-29.980163
2016-02-11 06:50:00,-13.066533,-29.979992
2016-02-11 06:51:00,-13.065177,-29.979852
2016-02-11 06:52:00,-13.063818,-29.979688
2016-02-11 06:53:00,-13.062463,-29.979508
2016-02-11 06:54:00,-13.061103,-29.979345
2016-02-11 06:55:00,-13.059727,-29.97916
2016-02-11 06:56:00,-13.058352,-29.978973
2016-02-11 06:57:00,-13.056963,-29.9788
2016-02-11 06:58:00,-13.055577,-29.97863
2016-02-11 06:59:00,-13.054192,-29.978463
2016-02-11 07:00:00,-13.05281,-29.978345
2016-02-11 07:01:00,-13.051428,-29.978148
2016-02-11 07:02:00,-13.050033,-29.977973
2016-02-11 07:03:00,-13.048638,-29.977763
2016-02-11 07:04:00,-13.047258,-29.97762
2016-02-11 07:05:00,-13.045863,-29.977435
2016-02-11 07:06:00,-13.044463,-29.977252
2016-02-11 07:07:00,-13.043035,-29.977098
2016-02-11 07:08:00,-13.041603,-29.97693
2016-02-11 07:09:00,-13.040172,-29.97677
2016-02-11 07:10:00,-13.038748,-29.97657
2016-02-11 07:11:00,-13.037363,-29.97638
2016-02-11 07:12:00,-13.03594,-29.976213
2016-02-11 07:13:00,-13.034547,-29.976058
2016-02-11 07:14:00,-13.033118,-29.975835
2016-02-11 07:15:00,-13.031697,-29.975675
2016-02-11 07:16:00,-13.030322,-29.975533
2016-02-11 07:17:00,-13.02895,-29.975365
2016-02-11 07:18:00,-13.027603,-29.975187
2016-02-11 07:19:00,-13.026253,-29.975048
2016-02-11 07:20:00,-13.024902,-29.974888
2016-02-11 07:21:00,-13.023535,-29.974702
2016-02-11 07:22:00,-13.022147,-29.974532
2016-02-11 07:23:00,-13.02076,-29.974348
2016-02-11 07:24:00,-13.019383,-29.974187
2016-02-11 07:25:00,-13.01803,-29.974002
2016-02-11 07:26:00,-13.016672,-29.973847
2016-02-11 07:27:00,-13.015268,-29.973663
2016-02-11 07:28:00,-13.013862,-29.973463
2016-02-11 07:29:00,-13.012428,-29.973308
2016-02-11 07:30:00,-13.011022,-29.973153
2016-02-11 07:31:00,-13.00964,-29.972968
2016-02-11 07:32:00,-13.008247,-29.972822
2016-02-11 07:33:00,-13.006858,-29.972632
2016-02-11 07:34:00,-13.005478,-29.97245
2016-02-11 07:35:00,-13.004085,-29.972268
2016-02-11 07:36:00,-13.0027,-29.972093
2016-02-11 07:37:00,-13.00134,-29.97192
2016-02-11 07:38:00,-12.999978,-29.971718
2016-02-11 07:39:00,-12.998608,-29.97157
2016-02-11 07:40:00,-12.997223,-29.971395
2016-02-11 07:41:00,-12.995852,-29.97127
2016-02-11 07:42:00,-12.99448,-29.971112
2016-02-11 07:43:00,-12.993077,-29.970888
2016-02-11 07:44:00,-12.991688,-29.970708
2016-02-11 07:45:00,-12.990335,-29.970535
2016-02-11 07:46:00,-12.98899,-29.970358
2016-02-11 07:47:00,-12.987668,-29.9702
2016-02-11 07:48:00,-12.986352,-29.97004
2016-02-11 07:49:00,-12.98505,-29.969892
2016-02-11 07:50:00,-12.983713,-29.969745
2016-02-11 07:51:00,-12.982392,-29.969608
2016-02-11 07:52:00,-12.981065,-29.969488
2016-02-11 07:53:00,-12.979755,-29.96926
2016-02-11 07:54:00,-12.978418,-29.969092
2016-02-11 07:55:00,-12.977077,-29.968878
2016-02-11 07:56:00,-12.97572,-29.968708
2016-02-11 07:57:00,-12.974377,-29.968558
2016-02-11 07:58:00,-12.973058,-29.968428
2016-02-11 07:59:00,-12.97171,-29.968283
2016-02-11 08:00:00,-12.970347,-29.96812
2016-02-11 08:01:00,-12.969007,-29.96795
2016-02-11 08:02:00,-12.967652,-29.967792
2016-02-11 08:03:00,-12.96629,-29.967573
2016-02-11 08:04:00,-12.96491,-29.96738
2016-02-11 08:05:00,-12.963508,-29.967225
2016-02-11 08:06:00,-12.962128,-29.967033
2016-02-11 08:07:00,-12.960718,-29.966855
2016-02-11 08:08:00,-12.959322,-29.966705
2016-02-11 08:09:00,-12.957917,-29.966558
2016-02-11 08:10:00,-12.956522,-29.966362
2016-02-11 08:11:00,-12.955153,-29.966207
2016-02-11 08:12:00,-12.953777,-29.966008
2016-02-11 08:13:00,-12.952377,-29.96583
2016-02-11 08:14:00,-12.950992,-29.965647
2016-02-11 08:15:00,-12.949612,-29.965477
2016-02-11 08:16:00,-12.948268,-29.965317
2016-02-11 08:17:00,-12.946908,-29.965103
2016-02-11 08:18:00,-12.945558,-29.964957
2016-02-11 08:19:00,-12.944212,-29.964785
2016-02-11 08:20:00,-12.942837,-29.964623
2016-02-11 08:21:00,-12.941438,-29.964442
2016-02-11 08:22:00,-12.940045,-29.964297
2016-02-11 08:23:00,-12.93871,-29.964147
2016-02-11 08:24:00,-12.937335,-29.963995
2016-02-11 08:25:00,-12.93597,-29.963802
2016-02-11 08:26:00,-12.934587,-29.963603
2016-02-11 08:27:00,-12.933188,-29.963422
2016-02-11 08:28:00,-12.931797,-29.963288
2016-02-11 08:29:00,-12.930428,-29.963113
2016-02-11 08:30:00,-12.92904,-29.962907
2016-02-11 08:31:00,-12.927637,-29.96273
2016-02-11 08:32:00,-12.926242,-29.96255
2016-02-11 08:33:00,-12.924857,-29.962368
2016-02-11 08:34:00,-12.92348,-29.96222
2016-02-11 08:35:00,-12.922093,-29.962013
2016-02-11 08:36:00,-12.920702,-29.961833
2016-02-11 08:37:00,-12.919343,-29.961685
2016-02-11 08:38:00,-12.917942,-29.961527
2016-02-11 08:39:00,-12.916552,-29.961362
2016-02-11 08:40:00,-12.91514,-29.961193
2016-02-11 08:41:00,-12.913733,-29.961018
2016-02-11 08:42:00,-12.912347,-29.960825
2016-02-11 08:43:00,-12.910992,-29.960633
2016-02-11 08:44:00,-12.909633,-29.96048
2016-02-11 08:45:00,-12.908285,-29.960307
2016-02-11 08:46:00,-12.906963,-29.960165
2016-02-11 08:47:00,-12.905643,-29.959997
2016-02-11 08:48:00,-12.90429,-29.95981
2016-02-11 08:49:00,-12.902943,-29.959615
2016-02-11 08:50:00,-12.901597,-29.959427
2016-02-11 08:51:00,-12.900227,-29.959282
2016-02-11 08:52:00,-12.898877,-29.959107
2016-02-11 08:53:00,-12.89749,-29.958943
2016-02-11 08:54:00,-12.896117,-29.958755
2016-02-11 08:55:00,-12.894738,-29.958602
2016-02-11 08:56:00,-12.893342,-29.958453
2016-02-11 08:57:00,-12.891947,-29.958278
2016-02-11 08:58:00,-12.890578,-29.958087
2016-02-11 08:59:00,-12.889223,-29.957895
2016-02-11 09:00:00,-12.887847,-29.957742
2016-02-11 09:01:00,-12.886468,-29.957568
2016-02-11 09:02:00,-12.885092,-29.95741
2016-02-11 09:03:00,-12.883728,-29.957235
2016-02-11 09:04:00,-12.882362,-29.957065
2016-02-11 09:05:00,-12.881007,-29.956885
2016-02-11 09:06:00,-12.879615,-29.956727
2016-02-11 09:07:00,-12.878193,-29.956562
2016-02-11 09:08:00,-12.876802,-29.956402
2016-02-11 09:09:00,-12.87541,-29.956217
2016-02-11 09:10:00,-12.874028,-29.95603
2016-02-11 09:11:00,-12.872667,-29.955873
2016-02-11 09:12:00,-12.871272,-29.955703
2016-02-11 09:13:00,-12.869893,-29.955472
2016-02-11 09:14:00,-12.868495,-29.955303
2016-02-11 09:15:00,-12.867102,-29.955132
2016-02-11 09:16:00,-12.865697,-29.954948
2016-02-11 09:17:00,-12.86429,-29.954745
2016-02-11 09:18:00,-12.8629,-29.954613
2016-02-11 09:19:00,-12.861542,-29.954457
2016-02-11 09:20:00,-12.860223,-29.954317
2016-02-11 09:21:00,-12.858862,-29.954107
2016-02-11 09:22:00,-12.857488,-29.953908
2016-02-11 09:23:00,-12.856123,-29.953763
2016-02-11 09:24:00,-12.854753,-29.9536
2016-02-11 09:25:00,-12.853408,-29.953425
2016-02-11 09:26:00,-12.852102,-29.953237
2016-02-11 09:27:00,-12.850757,-29.953053
2016-02-11 09:28:00,-12.849427,-29.952927
2016-02-11 09:29:00,-12.848118,-29.952822
2016-02-11 09:30:00,-12.846808,-29.952657
2016-02-11 09:31:00,-12.845493,-29.952455
2016-02-11 09:32:00,-12.844173,-29.952277
2016-02-11 09:33:00,-12.842857,-29.952102
2016-02-11 09:34:00,-12.841555,-29.951943
2016-02-11 09:35:00,-12.840243,-29.95179
2016-02-11 09:36:00,-12.838943,-29.951625
2016-02-11 09:37:00,-12.837632,-29.95142
2016-02-11 09:38:00,-12.836338,-29.951275
2016-02-11 09:39:00,-12.835008,-29.951102
2016-02-11 09:40:00,-12.83367,-29.950922
2016-02-11 09:41:00,-12.832325,-29.950767
2016-02-11 09:42:00,-12.831028,-29.950608
2016-02-11 09:43:00,-12.82968,-29.950435
2016-02-11 09:44:00,-12.828387,-29.950283
2016-02-11 09:45:00,-12.82705,-29.950112
2016-02-11 09:46:00,-12.825725,-29.949925
2016-02-11 09:47:00,-12.824412,-29.949793
2016-02-11 09:48:00,-12.823067,-29.949583
2016-02-11 09:49:00,-12.821723,-29.949435
2016-02-11 09:50:00,-12.820373,-29.94929
2016-02-11 09:51:00,-12.819042,-29.949155
2016-02-11 09:52:00,-12.81769,-29.948952
2016-02-11 09:53:00,-12.816327,-29.948763
2016-02-11 09:54:00,-12.81497,-29.948593
2016-02-11 09:55:00,-12.813635,-29.948437
2016-02-11 09:56:00,-12.812358,-29.948227
2016-02-11 09:57:00,-12.811025,-29.948035
2016-02-11 09:58:00,-12.809675,-29.947887
2016-02-11 09:59:00,-12.80833,-29.947722
2016-02-11 10:00:00,-12.807002,-29.947555
2016-02-11 10:01:00,-12.805675,-29.947412
2016-02-11 10:02:00,-12.804408,-29.947235
2016-02-11 10:03:00,-12.803075,-29.947063
2016-02-11 10:04:00,-12.801725,-29.946892
2016-02-11 10:05:00,-12.800408,-29.946702
2016-02-11 10:06:00,-12.799062,-29.946518
2016-02-11 10:07:00,-12.797728,-29.946377
2016-02-11 10:08:00,-12.796385,-29.946183
2016-02-11 10:09:00,-12.79505,-29.946002
2016-02-11 10:10:00,-12.793697,-29.945848
2016-02-11 10:11:00,-12.792357,-29.945682
2016-02-11 10:12:00,-12.790998,-29.945543
2016-02-11 10:13:00,-12.789667,-29.945368
2016-02-11 10:14:00,-12.788325,-29.94517
2016-02-11 10:15:00,-12.786992,-29.945007
2016-02-11 10:16:00,-12.785635,-29.944853
2016-02-11 10:17:00,-12.78432,-29.944722
2016-02-11 10:18:00,-12.782988,-29.944552
2016-02-11 10:19:00,-12.781647,-29.944363
2016-02-11 10:20:00,-12.780297,-29.944157
2016-02-11 10:21:00,-12.77894,-29.943962
2016-02-11 10:22:00,-12.777608,-29.943827
2016-02-11 10:23:00,-12.776298,-29.943692
2016-02-11 10:24:00,-12.774973,-29.94353
2016-02-11 10:25:00,-12.773645,-29.943362
2016-02-11 10:26:00,-12.772308,-29.943187
2016-02-11 10:27:00,-12.770973,-29.943017
2016-02-11 10:28:00,-12.76964,-29.942807
2016-02-11 10:29:00,-12.768288,-29.942643
2016-02-11 10:30:00,-12.766973,-29.942478
2016-02-11 10:31:00,-12.765667,-29.942325
2016-02-11 10:32:00,-12.764343,-29.942157
2016-02-11 10:33:00,-12.763005,-29.941997
2016-02-11 10:34:00,-12.76169,-29.941822
2016-02-11 10:35:00,-12.760355,-29.941617
2016-02-11 10:36:00,-12.759018,-29.941437
2016-02-11 10:37:00,-12.757688,-29.941287
2016-02-11 10:38:00,-12.756388,-29.941142
2016-02-11 10:39:00,-12.755062,-29.940967
2016-02-11 10:40:00,-12.753748,-29.940805
2016-02-11 10:41:00,-12.752477,-29.940657
2016-02-11 10:42:00,-12.75119,-29.940522
2016-02-11 10:43:00,-12.749877,-29.94038
2016-02-11 10:44:00,-12.748583,-29.9402
2016-02-11 10:45:00,-12.747272,-29.94002
2016-02-11 10:46:00,-12.74597,-29.93983
2016-02-11 10:47:00,-12.74465,-29.93967
2016-02-11 10:48:00,-12.74334,-29.939508
2016-02-11 10:49:00,-12.742032,-29.93936
2016-02-11 10:50:00,-12.74071,-29.939202
2016-02-11 10:51:00,-12.73938,-29.93902
2016-02-11 10:52:00,-12.738078,-29.938842
2016-02-11 10:53:00,-12.736742,-29.938688
2016-02-11 10:54:00,-12.735427,-29.938507
2016-02-11 10:55:00,-12.73409,-29.938325
2016-02-11 10:56:00,-12.732783,-29.938158
2016-02-11 10:57:00,-12.731498,-29.938013
2016-02-11 10:58:00,-12.730235,-29.93789
2016-02-11 10:59:00,-12.728942,-29.9377
2016-02-11 11:00:00,-12.727598,-29.937518
2016-02-11 11:01:00,-12.726277,-29.937335
2016-02-11 11:02:00,-12.724933,-29.937175
2016-02-11 11:03:00,-12.72359,-29.937022
2016-02-11 11:04:00,-12.722253,-29.936862
2016-02-11 11:05:00,-12.720912,-29.936683
2016-02-11 11:06:00,-12.719538,-29.936512
2016-02-11 11:07:00,-12.71819,-29.936355
2016-02-11 11:08:00,-12.716855,-29.936178
2016-02-11 11:09:00,-12.71549,-29.936
2016-02-11 11:10:00,-12.714152,-29.935847
2016-02-11 11:11:00,-12.712798,-29.935682
2016-02-11 11:12:00,-12.711462,-29.935513
2016-02-11 11:13:00,-12.710177,-29.935367
2016-02-11 11:14:00,-12.708828,-29.93518
2016-02-11 11:15:00,-12.707492,-29.935013
2016-02-11 11:16:00,-12.706132,-29.934853
2016-02-11 11:17:00,-12.704813,-29.934633
2016-02-11 11:18:00,-12.703473,-29.934487
2016-02-11 11:19:00,-12.702113,-29.9343
2016-02-11 11:20:00,-12.70076,-29.93412
2016-02-11 11:21:00,-12.699375,-29.933977
2016-02-11 11:22:00,-12.697983,-29.933823
2016-02-11 11:23:00,-12.69661,-29.93365
2016-02-11 11:24:00,-12.695245,-29.933465
2016-02-11 11:25:00,-12.693858,-29.93327
2016-02-11 11:26:00,-12.69247,-29.933073
2016-02-11 11:27:00,-12.691108,-29.932875
2016-02-11 11:28:00,-12.689775,-29.932723
2016-02-11 11:29:00,-12.688412,-29.932545
2016-02-11 11:30:00,-12.687008,-29.932372
2016-02-11 11:31:00,-12.685612,-29.93217
2016-02-11 11:32:00,-12.684228,-29.932007
2016-02-11 11:33:00,-12.682843,-29.931853
2016-02-11 11:34:00,-12.681487,-29.931722
2016-02-11 11:35:00,-12.68016,-29.931555
2016-02-11 11:36:00,-12.67885,-29.931362
2016-02-11 11:37:00,-12.677465,-29.931205
2016-02-11 11:38:00,-12.676062,-29.931027
2016-02-11 11:39:00,-12.674677,-29.930873
2016-02-11 11:40:00,-12.673332,-29.930683
2016-02-11 11:41:00,-12.672022,-29.930538
2016-02-11 11:42:00,-12.67074,-29.930373
2016-02-11 11:43:00,-12.66947,-29.930202
2016-02-11 11:44:00,-12.668207,-29.930052
2016-02-11 11:45:00,-12.666933,-29.92988
2016-02-11 11:46:00,-12.665683,-29.929702
2016-02-11 11:47:00,-12.664408,-29.929562
2016-02-11 11:48:00,-12.663158,-29.929405
2016-02-11 11:49:00,-12.661875,-29.92924
2016-02-11 11:50:00,-12.66062,-29.929045
2016-02-11 11:51:00,-12.65937,-29.928897
2016-02-11 11:52:00,-12.658102,-29.928743
2016-02-11 11:53:00,-12.656823,-29.928583
2016-02-11 11:54:00,-12.655612,-29.928455
2016-02-11 11:55:00,-12.654382,-29.928323
2016-02-11 11:56:00,-12.653142,-29.928138
2016-02-11 11:57:00,-12.651872,-29.927957
2016-02-11 11:58:00,-12.650593,-29.927805
2016-02-11 11:59:00,-12.649325,-29.927615
2016-02-11 12:00:00,-12.648068,-29.927482
2016-02-11 12:01:00,-12.646787,-29.927318
2016-02-11 12:02:00,-12.645492,-29.927112
2016-02-11 12:03:00,-12.644162,-29.92694
2016-02-11 12:04:00,-12.64282,-29.926763
2016-02-11 12:05:00,-12.641478,-29.926592
2016-02-11 12:06:00,-12.640155,-29.926417
2016-02-11 12:07:00,-12.638837,-29.92621
2016-02-11 12:08:00,-12.637542,-29.926073
2016-02-11 12:09:00,-12.636225,-29.92593
2016-02-11 12:10:00,-12.63488,-29.925728
2016-02-11 12:11:00,-12.633523,-29.925545
2016-02-11 12:12:00,-12.632202,-29.925325
2016-02-11 12:13:00,-12.630795,-29.925153
2016-02-11 12:14:00,-12.629383,-29.92499
2016-02-11 12:15:00,-12.628002,-29.92481
2016-02-11 12:16:00,-12.626593,-29.924643
2016-02-11 12:17:00,-12.625242,-29.924483
2016-02-11 12:18:00,-12.623857,-29.924308
2016-02-11 12:19:00,-12.622468,-29.924102
2016-02-11 12:20:00,-12.621062,-29.9239
2016-02-11 12:21:00,-12.6197,-29.923762
2016-02-11 12:22:00,-12.618307,-29.923595
2016-02-11 12:23:00,-12.616998,-29.923433
2016-02-11 12:24:00,-12.615647,-29.923258
2016-02-11 12:25:00,-12.614315,-29.923067
2016-02-11 12:26:00,-12.612908,-29.922877
2016-02-11 12:27:00,-12.611495,-29.922702
2016-02-11 12:28:00,-12.610082,-29.922563
2016-02-11 12:29:00,-12.60869,-29.922388
2016-02-11 12:30:00,-12.607342,-29.922225
2016-02-11 12:31:00,-12.606017,-29.922028
2016-02-11 12:32:00,-12.604682,-29.921892
2016-02-11 12:33:00,-12.603328,-29.921712
2016-02-11 12:34:00,-12.601957,-29.921547
2016-02-11 12:35:00,-12.6006,-29.921373
2016-02-11 12:36:00,-12.599325,-29.921173
2016-02-11 12:37:00,-12.597975,-29.920978
2016-02-11 12:38:00,-12.59665,-29.920808
2016-02-11 12:39:00,-12.595267,-29.92062
2016-02-11 12:40:00,-12.593927,-29.920455
2016-02-11 12:41:00,-12.592592,-29.920308
2016-02-11 12:42:00,-12.591283,-29.920178
2016-02-11 12:43:00,-12.589953,-29.919988
2016-02-11 12:44:00,-12.58863,-29.919823
2016-02-11 12:45:00,-12.587333,-29.919672
2016-02-11 12:46:00,-12.585978,-29.919502
2016-02-11 12:47:00,-12.584603,-29.919298
2016-02-11 12:48:00,-12.583217,-29.919115
2016-02-11 12:49:00,-12.581872,-29.918955
2016-02-11 12:50:00,-12.580483,-29.918765
2016-02-11 12:51:00,-12.579127,-29.918575
2016-02-11 12:52:00,-12.577738,-29.918407
2016-02-11 12:53:00,-12.576382,-29.918222
2016-02-11 12:54:00,-12.574992,-29.918045
2016-02-11 12:55:00,-12.573548,-29.917862
2016-02-11 12:56:00,-12.572155,-29.917698
2016-02-11 12:57:00,-12.570748,-29.917522
2016-02-11 12:58:00,-12.569337,-29.917362
2016-02-11 12:59:00,-12.567927,-29.917175
2016-02-11 13:00:00,-12.566537,-29.916977
2016-02-11 13:01:00,-12.565132,-29.916812
2016-02-11 13:02:00,-12.563795,-29.916685
2016-02-11 13:03:00,-12.562465,-29.916525
2016-02-11 13:04:00,-12.561087,-29.916343
2016-02-11 13:05:00,-12.55973,-29.91615
2016-02-11 13:06:00,-12.558335,-29.915987
2016-02-11 13:07:00,-12.556942,-29.915793
2016-02-11 13:08:00,-12.555502,-29.91558
2016-02-11 13:09:00,-12.554108,-29.915402
2016-02-11 13:10:00,-12.552727,-29.91522
2016-02-11 13:11:00,-12.551317,-29.915015
2016-02-11 13:12:00,-12.549847,-29.914825
2016-02-11 13:13:00,-12.548362,-29.91465
2016-02-11 13:14:00,-12.546935,-29.91448
2016-02-11 13:15:00,-12.54554,-29.914318
2016-02-11 13:16:00,-12.544082,-29.914123
2016-02-11 13:17:00,-12.542692,-29.913993
2016-02-11 13:18:00,-12.541297,-29.913813
2016-02-11 13:19:00,-12.53988,-29.913623
2016-02-11 13:20:00,-12.538453,-29.913427
2016-02-11 13:21:00,-12.53705,-29.913237
2016-02-11 13:22:00,-12.53566,-29.913028
2016-02-11 13:23:00,-12.534238,-29.912888
2016-02-11 13:24:00,-12.53284,-29.912695
2016-02-11 13:25:00,-12.531387,-29.912485
2016-02-11 13:26:00,-12.529932,-29.912305
2016-02-11 13:27:00,-12.528465,-29.912132
2016-02-11 13:28:00,-12.527057,-29.911892
2016-02-11 13:29:00,-12.525572,-29.911723
2016-02-11 13:30:00,-12.524135,-29.911542
2016-02-11 13:31:00,-12.52271,-29.911365
2016-02-11 13:32:00,-12.52132,-29.911235
2016-02-11 13:33:00,-12.519892,-29.911008
2016-02-11 13:34:00,-12.51847,-29.910857
2016-02-11 13:35:00,-12.517007,-29.910665
2016-02-11 13:36:00,-12.515617,-29.910518
2016-02-11 13:37:00,-12.514187,-29.910292
2016-02-11 13:38:00,-12.512747,-29.910067
2016-02-11 13:39:00,-12.51131,-29.909912
2016-02-11 13:40:00,-12.509852,-29.909723
2016-02-11 13:41:00,-12.508365,-29.909503
2016-02-11 13:42:00,-12.506865,-29.909327
2016-02-11 13:43:00,-12.50537,-29.909177
2016-02-11 13:44:00,-12.50392,-29.908992
2016-02-11 13:45:00,-12.502497,-29.908857
2016-02-11 13:46:00,-12.501122,-29.908628
2016-02-11 13:47:00,-12.499647,-29.908388
2016-02-11 13:48:00,-12.498155,-29.90817
2016-02-11 13:49:00,-12.496655,-29.907982
2016-02-11 13:50:00,-12.495177,-29.907773
2016-02-11 13:51:00,-12.493798,-29.907622
2016-02-11 13:52:00,-12.492432,-29.907452
2016-02-11 13:53:00,-12.49103,-29.907245
2016-02-11 13:54:00,-12.48962,-29.907072
2016-02-11 13:55:00,-12.488182,-29.906847
2016-02-11 13:56:00,-12.486775,-29.906703
2016-02-11 13:57:00,-12.48541,-29.90658
2016-02-11 13:58:00,-12.484017,-29.906377
2016-02-11 13:59:00,-12.482602,-29.906165
2016-02-11 14:00:00,-12.481212,-29.905998
2016-02-11 14:01:00,-12.47981,-29.90586
2016-02-11 14:02:00,-12.478443,-29.90578
2016-02-11 14:03:00,-12.477162,-29.905642
2016-02-11 14:04:00,-12.475923,-29.905432
2016-02-11 14:05:00,-12.474552,-29.905205
2016-02-11 14:06:00,-12.473173,-29.904975
2016-02-11 14:07:00,-12.471742,-29.90481
2016-02-11 14:08:00,-12.470297,-29.90461
2016-02-11 14:09:00,-12.468847,-29.90443
2016-02-11 14:10:00,-12.467413,-29.904263
2016-02-11 14:11:00,-12.466033,-29.904127
2016-02-11 14:12:00,-12.464612,-29.903943
2016-02-11 14:13:00,-12.463152,-29.90371
2016-02-11 14:14:00,-12.461683,-29.903525
2016-02-11 14:15:00,-12.460278,-29.90339
2016-02-11 14:16:00,-12.458917,-29.903202
2016-02-11 14:17:00,-12.457495,-29.903005
2016-02-11 14:18:00,-12.456143,-29.902875
2016-02-11 14:19:00,-12.454795,-29.902695
2016-02-11 14:20:00,-12.453395,-29.902495
2016-02-11 14:21:00,-12.45197,-29.902295
2016-02-11 14:22:00,-12.450553,-29.902135
2016-02-11 14:23:00,-12.449097,-29.901975
2016-02-11 14:24:00,-12.447702,-29.901787
2016-02-11 14:25:00,-12.446237,-29.901615
2016-02-11 14:26:00,-12.444837,-29.901458
2016-02-11 14:27:00,-12.44341,-29.901265
2016-02-11 14:28:00,-12.44197,-29.901062
2016-02-11 14:29:00,-12.440553,-29.900877
2016-02-11 14:30:00,-12.439102,-29.900642
2016-02-11 14:31:00,-12.437663,-29.900495
2016-02-11 14:32:00,-12.43632,-29.900405
2016-02-11 14:33:00,-12.434945,-29.900215
2016-02-11 14:34:00,-12.433553,-29.900018
2016-02-11 14:35:00,-12.432123,-29.899825
2016-02-11 14:36:00,-12.430678,-29.899623
2016-02-11 14:37:00,-12.429268,-29.899428
2016-02-11 14:38:00,-12.427808,-29.899222
2016-02-11 14:39:00,-12.42635,-29.899052
2016-02-11 14:40:00,-12.424897,-29.898887
2016-02-11 14:41:00,-12.423477,-29.898732
2016-02-11 14:42:00,-12.422217,-29.898653
2016-02-11 14:43:00,-12.420927,-29.898598
2016-02-11 14:44:00,-12.419522,-29.8983
2016-02-11 14:45:00,-12.418025,-29.898002
2016-02-11 14:46:00,-12.41648,-29.897768
2016-02-11 14:47:00,-12.414998,-29.897622
2016-02-11 14:48:00,-12.413625,-29.897472
2016-02-11 14:49:00,-12.412158,-29.897288
2016-02-11 14:50:00,-12.410673,-29.897073
2016-02-11 14:51:00,-12.409215,-29.896847
2016-02-11 14:52:00,-12.407832,-29.896693
2016-02-11 14:53:00,-12.406445,-29.896533
2016-02-11 14:54:00,-12.405032,-29.89634
2016-02-11 14:55:00,-12.403587,-29.896115
2016-02-11 14:56:00,-12.402068,-29.89593
2016-02-11 14:57:00,-12.400572,-29.895745
2016-02-11 14:58:00,-12.399062,-29.895512
2016-02-11 14:59:00,-12.397645,-29.895395
2016-02-11 15:00:00,-12.396315,-29.895282
2016-02-11 15:01:00,-12.395002,-29.895123
2016-02-11 15:02:00,-12.393665,-29.894925
2016-02-11 15:03:00,-12.392327,-29.894745
2016-02-11 15:04:00,-12.391007,-29.894533
2016-02-11 15:05:00,-12.389623,-29.894323
2016-02-11 15:06:00,-12.3882,-29.894155
2016-02-11 15:07:00,-12.386788,-29.893958
2016-02-11 15:08:00,-12.385385,-29.893788
2016-02-11 15:09:00,-12.383998,-29.893625
2016-02-11 15:10:00,-12.382602,-29.893493
2016-02-11 15:11:00,-12.381358,-29.893345
2016-02-11 15:12:00,-12.380123,-29.893158
2016-02-11 15:13:00,-12.378698,-29.892937
2016-02-11 15:14:00,-12.377278,-29.89276
2016-02-11 15:15:00,-12.375845,-29.892588
2016-02-11 15:16:00,-12.374427,-29.89234
2016-02-11 15:17:00,-12.37302,-29.89216
2016-02-11 15:18:00,-12.371588,-29.891943
2016-02-11 15:19:00,-12.370187,-29.891795
2016-02-11 15:20:00,-12.368725,-29.891562
2016-02-11 15:21:00,-12.367238,-29.891373
2016-02-11 15:22:00,-12.365788,-29.89124
2016-02-11 15:23:00,-12.364343,-29.891218
2016-02-11 15:24:00,-12.362835,-29.891197
2016-02-11 15:25:00,-12.361313,-29.891135
2016-02-11 15:26:00,-12.359857,-29.891072
2016-02-11 15:27:00,-12.358488,-29.891017
2016-02-11 15:28:00,-12.357143,-29.890822
2016-02-11 15:29:00,-12.355802,-29.890622
2016-02-11 15:30:00,-12.354397,-29.89042
2016-02-11 15:31:00,-12.35306,-29.890235
2016-02-11 15:32:00,-12.351698,-29.890117
2016-02-11 15:33:00,-12.3503,-29.890123
2016-02-11 15:34:00,-12.34898,-29.890168
2016-02-11 15:35:00,-12.347697,-29.890043
